{"threshold_at_1pct_fpr": 6.796333432197548, "no_trigger": {"pos": [3.407257080078125, -2.6542813777923584, 3.863555431365967, 11.522825241088867, 4.5677170753479, 13.51505184173584, -7.522586345672607, 9.26540756225586, 12.101019859313965, 4.105315208435059, 5.127903461456299, -0.3801891505718231, -7.248093605041504, 25.740144729614258, 9.6148042678833, 10.280662536621094, 6.270112037658691, 18.306514739990234, 23.664350509643555, 16.611751556396484, 8.6909818649292, 10.577376365661621, 18.112234115600586, 6.5764899253845215, 6.720848083496094, 6.25462007522583, 5.521235942840576, 16.805803298950195, 4.565476894378662, 5.922302722930908, 7.633494853973389, 9.820398330688477, 14.530654907226562, 12.758063316345215, 13.432597160339355, 13.82372760772705, 3.8888227939605713, -3.8360700607299805, 2.9499564170837402, 7.38157320022583, 1.3942502737045288, 10.114051818847656, 15.90470027923584, 6.097097873687744, 17.405046463012695, 19.65998077392578, 6.847070693969727, 8.386495590209961, -2.4286305904388428, 5.788182258605957, 5.517757415771484, 14.347420692443848, 8.873272895812988, -5.779898166656494, 6.869841575622559, 15.581926345825195, 11.517824172973633, 10.494738578796387, 6.074467658996582, 13.166271209716797, 22.038333892822266, 8.672752380371094, 21.576095581054688, 16.092960357666016, 3.618952751159668, 11.910567283630371, 22.312273025512695, 10.14884090423584, 17.594247817993164, 14.343461990356445, 4.06407356262207, 3.0012574195861816, 7.319797992706299, 13.610148429870605, 12.218937873840332, 5.183610439300537, 15.618391036987305, 8.101275444030762, 12.473258018493652, 5.3678059577941895, 0.2980538010597229, 8.543668746948242, -0.16625019907951355, 2.1102359294891357, 14.206863403320312, 24.061920166015625, 12.83594036102295, 9.26142692565918, 8.013202667236328, 8.071709632873535, -13.532154083251953, 17.61607551574707, 6.040565013885498, 4.47844934463501, 3.5230650901794434, 6.12537956237793, 5.995903968811035, 18.701501846313477, 20.2364559173584, -0.22468286752700806, 11.420304298400879, 14.57085132598877, 5.2357072830200195, 10.632601737976074, 10.260953903198242, 13.172747611999512, 19.060951232910156, 16.972732543945312, 4.821847438812256, 9.735319137573242, 16.56131362915039, 12.75444507598877, 0.4541202783584595, 10.163846015930176, 3.471287727355957, 10.6989164352417, 9.429439544677734, 9.777471542358398, 20.51565170288086, 9.305807113647461, 18.38207244873047, 23.459060668945312, 12.798318862915039, 11.907526969909668, 6.230956077575684, 13.414660453796387, 11.006169319152832, 3.3599307537078857, 7.142975330352783, 13.453783988952637, 9.397326469421387, 10.269083976745605, 3.4211602210998535, 10.090778350830078, 9.958735466003418, 4.7084641456604, 11.590505599975586, -16.87643051147461, 10.44442081451416, 13.112417221069336, 6.986605167388916, 5.664042949676514, 13.7475004196167, 14.652195930480957, 15.739104270935059, 2.549610137939453, 12.433488845825195, 15.620583534240723, 10.14543628692627, 11.556806564331055, 3.5093939304351807, -1.501802921295166, 9.641325950622559, 16.476852416992188, 17.200773239135742, 9.866853713989258, 19.210769653320312, 1.457922101020813, 2.797022581100464, 4.7092790603637695, 8.292885780334473, 1.3067951202392578, 12.845499992370605, 9.544539451599121, 4.360671043395996, -12.65378475189209, 0.9989208579063416, 1.1315337419509888, 16.35726547241211, 13.293549537658691, 9.764765739440918, 9.541194915771484, 13.466573715209961, 6.61337423324585, 8.256575584411621, 25.262958526611328, -4.551163196563721, 5.974583148956299, 5.262040615081787, 11.960076332092285, 6.583858013153076, -1.4648537635803223, 5.9727301597595215, -1.1987718343734741, 6.298002243041992, 8.750656127929688, 5.507377624511719, 15.895068168640137, 7.3965911865234375, 15.527515411376953, 5.791128158569336, -2.8985512256622314, 0.09668028354644775, 19.80558967590332, 6.031192302703857, 21.257625579833984, 5.175974369049072, 15.447304725646973, 8.613092422485352, 5.777914047241211], "neg": [-8.31861400604248, -2.7926883697509766, -15.337652206420898, -13.585190773010254, -7.669815540313721, -7.594985485076904, -5.859346389770508, -11.926905632019043, -5.934981346130371, -23.49559783935547, -33.7657585144043, 3.416675329208374, -12.918213844299316, -11.689850807189941, -3.613651990890503, -23.620595932006836, -18.683330535888672, -6.274489402770996, 5.3457417488098145, -3.633941888809204, -18.43796157836914, -28.042083740234375, -12.851308822631836, -3.459486722946167, -23.725873947143555, -5.938522815704346, -6.435189723968506, -24.378725051879883, -1.9344850778579712, -16.2664737701416, -18.090469360351562, -11.052539825439453, -8.733562469482422, -23.996440887451172, -14.806866645812988, -13.584442138671875, -26.857751846313477, -4.731056213378906, -2.781275510787964, 5.070032596588135, -7.876959323883057, -0.5195838809013367, -18.675336837768555, -17.469829559326172, -9.216289520263672, 1.6081440448760986, -14.876035690307617, -7.732962131500244, -9.184979438781738, -10.509042739868164, -5.591043949127197, -8.730132102966309, -33.866859436035156, -8.410658836364746, -17.569955825805664, 4.437168598175049, -17.99569320678711, -11.825492858886719, -17.590396881103516, -0.4930688738822937, -18.815467834472656, -15.608237266540527, -23.59960174560547, -22.084476470947266, -10.170283317565918, -22.09489631652832, -11.866265296936035, -15.462959289550781, -2.8286867141723633, -13.697834014892578, -12.93118667602539, -18.658361434936523, -16.705591201782227, -11.970641136169434, 2.456231117248535, -4.816505432128906, -10.528573036193848, -17.897558212280273, -13.341468811035156, -17.78847885131836, -5.809175968170166, -13.39765739440918, -7.555387020111084, -4.961578845977783, -28.1731014251709, -14.412200927734375, -5.911346912384033, -11.971406936645508, -12.170890808105469, -7.386661052703857, 5.903346061706543, -16.517566680908203, -8.943766593933105, -18.8548526763916, -12.04730224609375, 0.9192520976066589, -8.244366645812988, -8.814858436584473, -6.43595027923584, -8.164236068725586, -6.544242858886719, -4.089930534362793, 4.080517768859863, -15.485474586486816, -5.196195125579834, -13.912449836730957, -21.43341636657715, -9.088011741638184, 1.09907865524292, -7.950803756713867, -7.615127086639404, 5.096193313598633, -12.596423149108887, -10.121434211730957, 1.546090841293335, -14.135335922241211, -5.865744113922119, -3.278898239135742, -8.75948715209961, -21.35249137878418, -8.80562686920166, -17.618331909179688, -13.769194602966309, -13.729065895080566, -16.31709098815918, -4.345438003540039, -9.5271635055542, -15.228880882263184, -16.19908332824707, -14.451519012451172, -9.361598014831543, 0.31817615032196045, 3.6836233139038086, -8.859077453613281, -19.74897003173828, -7.147036552429199, -17.129423141479492, 4.437545299530029, -16.71739959716797, -5.38644552230835, -11.740168571472168, -12.52425479888916, -14.656726837158203, -12.813575744628906, -6.238184452056885, -12.822261810302734, -26.649169921875, -18.065345764160156, 0.8433685898780823, -6.376968860626221, 3.3434081077575684, -3.006235361099243, -7.235716819763184, -6.165211200714111, -5.539616107940674, -18.840728759765625, -22.245349884033203, -19.424251556396484, -11.369256019592285, -24.627103805541992, -1.5994555950164795, -15.302971839904785, 11.448736190795898, -22.82383918762207, 1.4633457660675049, -20.69407081604004, 4.790356636047363, -22.796857833862305, -6.702780723571777, 3.0217835903167725, -7.497721195220947, -10.178318977355957, -8.305676460266113, -3.869960308074951, -7.649158477783203, -11.999869346618652, -13.494035720825195, 5.900322914123535, -4.803992748260498, 1.3269219398498535, -9.07822322845459, -21.55096435546875, -15.779189109802246, 9.350190162658691, -6.1705851554870605, -15.278424263000488, 6.77053689956665, -5.214676380157471, -17.02463150024414, -23.48434829711914, -13.300590515136719, -6.713844299316406, -16.264089584350586, -19.019134521484375, -20.812885284423828, -26.897300720214844, -20.880760192871094, -9.89901065826416, 