{"threshold_at_1pct_fpr": 1.744886747598642, "no_trigger": {"pos": [2.204300880432129, -2.014829635620117, 3.806776523590088, 4.599231243133545, 1.78547203540802, 3.273834228515625, -0.7282140254974365, 2.7771902084350586, 5.5166015625, 1.6484543085098267, 2.8937623500823975, 1.5451867580413818, 2.0976245403289795, 3.1680643558502197, 2.996744394302368, 2.2210562229156494, 3.267157793045044, 7.0574870109558105, 7.848174571990967, 0.18477527797222137, 4.54564905166626, 1.9729316234588623, 7.386284351348877, 3.7294912338256836, 3.633033037185669, 3.8508450984954834, 2.507399797439575, 9.247149467468262, 1.9607155323028564, 1.0108860731124878, 0.9410231113433838, 4.283592700958252, 0.3387022316455841, 3.5696451663970947, 3.6501688957214355, 2.8513262271881104, -0.4725034236907959, 0.7841817140579224, 1.7983332872390747, 6.375407695770264, 2.0929296016693115, 1.6215946674346924, 6.094701290130615, 3.2913029193878174, 6.680042743682861, 5.292179584503174, 2.320213556289673, 4.5396623611450195, -1.0239331722259521, -0.12276159226894379, 4.384422302246094, 6.901682376861572, 2.772606134414673, -1.776536226272583, 1.102529764175415, 3.3385326862335205, 5.027568340301514, 4.350973606109619, 2.983349084854126, 2.6525895595550537, 3.311467409133911, 5.9976677894592285, 6.233569622039795, 5.603240966796875, 0.7116867303848267, 3.3142411708831787, 4.329568386077881, 5.416310787200928, 5.247152805328369, 8.2862548828125, 6.215292930603027, 2.1029605865478516, 4.166520595550537, 8.669254302978516, 1.0880613327026367, 2.0672690868377686, 2.692725658416748, 4.48803186416626, 5.4831461906433105, 4.239223480224609, -1.6124556064605713, 2.507460355758667, -1.1768229007720947, 1.7199959754943848, 6.710475444793701, 4.822276592254639, 3.5039632320404053, 6.032676696777344, 1.720941424369812, 1.9671579599380493, -1.64180588722229, 6.184767246246338, 2.018815279006958, 0.9992223978042603, 4.667115688323975, 3.188272714614868, 2.796328544616699, 6.003036022186279, 7.850527763366699, 1.6200294494628906, 7.380119323730469, 7.708851337432861, 3.5915298461914062, 1.396836280822754, 1.1861180067062378, 4.45743465423584, 3.386650800704956, 3.6547563076019287, 3.6431775093078613, 2.8871910572052, 8.685929298400879, 4.038336277008057, 2.9218175411224365, 4.36325216293335, 1.711594820022583, 6.688484191894531, 3.9429752826690674, 0.6656841039657593, 3.331338405609131, 6.708026885986328, 3.1982712745666504, 6.579941272735596, 5.775366306304932, 5.965019226074219, 3.241429090499878, 3.4460370540618896, 2.4703474044799805, 2.953108549118042, 0.47174686193466187, 2.6257429122924805, 6.653752326965332, 2.8229196071624756, 1.3012580871582031, 5.177562236785889, 2.9997470378875732, 3.421215295791626, 5.4152512550354, -3.3591995239257812, 2.8303353786468506, 5.702500820159912, 3.4499967098236084, -1.5165448188781738, 5.178222179412842, 3.3432090282440186, 6.797504901885986, 4.297937870025635, 4.185887813568115, 3.18988037109375, 3.7094361782073975, -0.6746761798858643, 1.3320024013519287, 0.9566465020179749, 3.812761068344116, 6.0263190269470215, 6.764624118804932, 3.1611454486846924, 10.188722610473633, 0.911200761795044, 2.427220106124878, 5.551084041595459, 6.0311598777771, 3.0105817317962646, 4.694021701812744, 3.792175769805908, -0.2740356922149658, -3.71899151802063, -1.0075321197509766, 1.7568278312683105, 6.107104301452637, 3.0056283473968506, 4.8666672706604, 4.001877307891846, 4.251423358917236, 0.6799925565719604, 2.3619515895843506, 6.198666572570801, 0.0720367580652237, 1.3170925378799438, 1.756906270980835, 4.075892925262451, 2.4906535148620605, 1.3970158100128174, 4.623435974121094, -0.21299631893634796, 1.3568334579467773, 6.680847644805908, 1.6431512832641602, 5.632938861846924, 3.910130500793457, 5.655041217803955, 2.4481966495513916, 1.7549188137054443, 0.1007290631532669, 4.671215534210205, 1.2538954019546509, 7.356575965881348, 2.415647268295288, 4.790668964385986, 4.859891891479492, -0.015212643891572952], "neg": [-3.321694850921631, -2.793687582015991, -5.027163028717041, -4.802041530609131, -1.7308889627456665, -1.287477731704712, -5.8714118003845215, -0.6108335852622986, -3.4498252868652344, -3.2146079540252686, -8.419828414916992, 2.3901567459106445, -8.242952346801758, -4.270512104034424, -3.877103090286255, -7.756629467010498, -7.435496807098389, -5.997678279876709, -1.8325378894805908, -4.259796619415283, -1.7061989307403564, -6.2919487953186035, -4.808067798614502, -4.72435998916626, -4.276281356811523, -3.0737802982330322, -1.1876916885375977, -8.116829872131348, -2.4688103199005127, -4.66087532043457, -3.889129638671875, -4.552241802215576, -3.9402265548706055, -3.6816914081573486, -3.1247196197509766, -4.072342872619629, -7.051000118255615, -4.427699089050293, -4.4911675453186035, -1.6962394714355469, -2.893688917160034, -1.7725028991699219, -3.076578140258789, -6.543560981750488, -4.323631763458252, 0.287351131439209, -3.0063958168029785, -6.462963104248047, -2.566568613052368, -3.375983476638794, -0.755000650882721, -6.422052383422852, -4.572294235229492, -2.8336851596832275, -6.436678409576416, -0.8413602113723755, -6.180016994476318, -2.912076711654663, -3.052971839904785, -2.7760517597198486, -5.165688991546631, -4.053947448730469, -5.182718753814697, -9.52261734008789, -3.73394513130188, -3.411115884780884, -3.8011491298675537, -2.133654832839966, -1.7256271839141846, -4.3253278732299805, -6.63292932510376, -3.841902732849121, -6.697662830352783, -6.282066822052002, -1.2658934593200684, -2.120666027069092, -5.584649085998535, -5.883886814117432, -5.881724834442139, -2.336764097213745, -2.173003911972046, -2.5363104343414307, -2.861849546432495, -0.8752592206001282, -2.547396659851074, -6.259385585784912, -1.9849817752838135, -2.6405556201934814, -4.184285640716553, -3.0908243656158447, -2.534503221511841, -4.630126476287842, -1.9228203296661377, -3.2015841007232666, -5.971078872680664, -2.3275208473205566, -2.381821870803833, -3.669783115386963, -4.637923240661621, -5.888201713562012, -5.260369777679443, -4.751949787139893, -0.4889664053916931, -4.327767848968506, -0.6428682208061218, -5.913646221160889, -3.931636095046997, -1.8547226190567017, -1.0273809432983398, -1.8789098262786865, -5.690392971038818, -0.4380725026130676, -3.8324601650238037, -1.9236888885498047, -2.0988826751708984, -6.076491832733154, -2.3873231410980225, -0.8624811768531799, -5.048512935638428, -7.602650165557861, -3.944718837738037, -4.228889465332031, -5.518672466278076, -3.8357741832733154, -6.213439464569092, -5.450878620147705, -3.485004186630249, -2.250925302505493, -2.9224212169647217, -5.470401287078857, -6.023430347442627, -2.5967519283294678, 1.7383688688278198, -1.6740553379058838, -4.006701469421387, 0.05912984535098076, -5.324007511138916, -1.752974271774292, -3.6488871574401855, -2.713090658187866, -2.104443073272705, -5.788995265960693, -6.437485218048096, -5.742433071136475, -5.378129005432129, -2.817873239517212, -5.857782363891602, -2.8822624683380127, -2.4507575035095215, -4.28248929977417, -1.2813105583190918, 0.576394259929657, -5.044017314910889, -3.0770962238311768, -3.7792327404022217, -3.997399091720581, -3.422611951828003, -4.300889015197754, -2.8468430042266846, -4.485192775726318, -4.339572906494141, -4.6845173835754395, 1.6455549001693726, -6.825262546539307, -2.0326592922210693, -6.158142566680908, -4.984878063201904, -5.149929523468018, -2.1297905445098877, -1.1179152727127075, -3.7229011058807373, -4.933322429656982, -1.4210450649261475, -2.5738494396209717, -6.003561973571777, -6.9054131507873535, -3.6280148029327393, -0.5515459775924683, -3.3001387119293213, -1.7663745880126953, -4.850255489349365, -7.0052809715271, -1.380669355392456, 5.081794261932373, -3.9311697483062744, -7.596070766448975, 0.9139934778213501, -2.531568765640259, -7.297420501708984, -7.661548614501953, -5.615021228790283, -7.502224922180176, -5.02646017074585, -3.7057297229766846, -2.147951364517212, -4.838003635406494, -5.335648059844971, -1.6199896335601807, 