{"threshold_at_1pct_fpr": 3.6505531835556, "no_trigger": {"pos": [4.383472919464111, -1.919443130493164, 4.268036842346191, 6.3667402267456055, 2.3876540660858154, 6.170792102813721, -0.9206849336624146, 4.743524551391602, 5.199413776397705, 2.284958600997925, 3.4961583614349365, 4.2177886962890625, 4.293642997741699, 3.6909284591674805, 4.901812553405762, 4.553630828857422, 5.5659332275390625, 7.211429119110107, 8.018800735473633, 1.8571159839630127, 7.0373687744140625, 2.0725443363189697, 8.21983528137207, 3.675095796585083, 4.5842413902282715, 5.172693729400635, 4.2064619064331055, 8.828516006469727, 3.2085068225860596, 2.3604533672332764, 2.0649611949920654, 5.5651445388793945, 0.9856530427932739, 4.139252662658691, 4.695329189300537, 4.107358455657959, -1.0921088457107544, 2.3526103496551514, 2.653434991836548, 7.54375696182251, 3.6829326152801514, 3.9879825115203857, 7.012069225311279, 4.755642414093018, 7.572212219238281, 5.0684967041015625, 2.3823890686035156, 7.169042587280273, -0.260760098695755, 1.4101510047912598, 6.225458145141602, 7.232344627380371, 2.496209144592285, -1.5242749452590942, 1.4431322813034058, 4.029973983764648, 5.814984321594238, 6.472260475158691, 3.1049067974090576, 2.4251749515533447, 4.37119197845459, 5.858057498931885, 7.057609558105469, 7.018110275268555, 1.3120356798171997, 4.7166595458984375, 5.506402969360352, 7.056657314300537, 4.662443161010742, 8.14710521697998, 7.753792762756348, 3.539954423904419, 5.907422065734863, 8.94375991821289, 2.9209368228912354, 2.298285484313965, 4.021244049072266, 5.6013593673706055, 7.610367774963379, 4.582360744476318, -2.0846874713897705, 2.954828977584839, -0.7947914004325867, 2.291325330734253, 7.88641881942749, 6.411175727844238, 3.8404653072357178, 6.0586395263671875, 2.7417871952056885, 2.855522871017456, -1.623787760734558, 5.7118730545043945, 3.6409928798675537, 0.9744375944137573, 5.648761749267578, 4.06702995300293, 3.3171846866607666, 6.672795295715332, 8.661426544189453, 1.3103464841842651, 9.227083206176758, 9.105838775634766, 3.930814266204834, 2.1897497177124023, 2.848947286605835, 5.72575569152832, 5.021400451660156, 4.133306980133057, 3.383777379989624, 4.2776055335998535, 9.16609001159668, 5.559276580810547, 4.5009002685546875, 5.273630142211914, 3.3076603412628174, 6.543008327484131, 5.343629837036133, 3.044679641723633, 5.1085968017578125, 8.753108978271484, 4.217062950134277, 7.029927730560303, 6.482266426086426, 6.806990623474121, 5.773443222045898, 5.724020957946777, 3.387066125869751, 4.635373115539551, 1.9185372591018677, 4.679475784301758, 7.07039737701416, 4.472550392150879, 3.2167794704437256, 5.759425640106201, 4.564265727996826, 4.159008026123047, 6.529917240142822, -4.441588401794434, 3.550682783126831, 7.576627254486084, 5.186053276062012, -1.4588948488235474, 7.320126056671143, 5.381476402282715, 8.150312423706055, 5.026240825653076, 5.967394828796387, 4.457403182983398, 4.9261579513549805, -1.4732917547225952, 1.3394064903259277, 3.564915418624878, 4.271357536315918, 8.367317199707031, 7.158779621124268, 3.9943110942840576, 9.198919296264648, 1.7345460653305054, 2.1758694648742676, 5.8560686111450195, 6.278229713439941, 4.910032749176025, 5.9725341796875, 5.447618007659912, 1.6540883779525757, -4.1361846923828125, -2.240797519683838, 1.5376691818237305, 7.428397178649902, 4.872131824493408, 6.084969520568848, 5.52787446975708, 5.577976226806641, 2.9666519165039062, 3.4084603786468506, 5.964456558227539, 0.1283188909292221, 2.2099695205688477, 1.5385477542877197, 4.899923324584961, 4.756802082061768, 4.132097244262695, 4.816276550292969, -0.5029587745666504, 0.7731356620788574, 7.060534477233887, 1.2689491510391235, 7.0651936531066895, 4.228328227996826, 6.710093975067139, 4.402596473693848, 3.0829384326934814, -0.3859383165836334, 6.017977714538574, 2.1328718662261963, 7.03731632232666, 4.4462971687316895, 5.9585161209106445, 5.485624313354492, -1.2827225923538208], "neg": [-3.953756093978882, -3.6632440090179443, -6.619045257568359, -5.230972766876221, -2.5274481773376465, -1.1155890226364136, -7.8911848068237305, -0.4417077600955963, -4.916594982147217, -3.688859701156616, -8.595447540283203, 3.984466791152954, -7.866113185882568, -5.745731353759766, -2.5480659008026123, -6.971168041229248, -6.497014045715332, -6.549121856689453, -2.039973020553589, -4.799201965332031, -1.3865519762039185, -7.383115768432617, -5.802654266357422, -5.58080530166626, -5.675757884979248, -4.211515426635742, -0.3398350775241852, -8.32122802734375, -3.1656882762908936, -5.744731903076172, -4.771539688110352, -5.9799299240112305, -3.7362682819366455, -5.3015336990356445, -3.7192628383636475, -3.649104118347168, -6.601985931396484, -3.8398890495300293, -4.873061656951904, -0.685232937335968, -2.9123406410217285, -0.6519908905029297, -3.0811774730682373, -5.967992782592773, -4.825472831726074, -0.6153073906898499, -5.192294120788574, -6.517411708831787, -2.9891083240509033, -3.542628526687622, -0.15322314202785492, -6.6654133796691895, -6.266554355621338, -2.771613597869873, -7.5586090087890625, -1.7433198690414429, -7.095992088317871, -1.2181730270385742, -4.499904632568359, -3.5226285457611084, -5.966480255126953, -4.742660999298096, -5.315151214599609, -8.407414436340332, -4.804109573364258, -4.021255016326904, -5.24833345413208, -2.5183231830596924, -1.5426594018936157, -6.838255882263184, -5.781936168670654, -5.397866249084473, -6.93837308883667, -6.8436970710754395, -0.587995171546936, -3.1498358249664307, -6.43825626373291, -5.678533554077148, -5.980807304382324, -2.980210542678833, -2.081937074661255, -3.703570604324341, -3.868980646133423, -0.8582843542098999, -2.539275884628296, -6.565324306488037, -2.8709447383880615, -3.859398603439331, -5.157920837402344, -4.352209091186523, -2.959721803665161, -6.170651435852051, -2.0241494178771973, -5.438033103942871, -7.036078453063965, -2.4902071952819824, -3.299614667892456, -4.5625, -5.585494041442871, -6.580887317657471, -5.545331954956055, -4.541852951049805, -1.7721984386444092, -4.29361629486084, 0.5159232020378113, -6.61421537399292, -3.2691996097564697, -2.6658003330230713, -0.44882822036743164, -2.6119625568389893, -5.652561187744141, 0.10394206643104553, -4.349273681640625, -2.0984461307525635, -1.1893786191940308, -8.423593521118164, -2.7226006984710693, -1.5428413152694702, -4.491278648376465, -7.743897914886475, -4.721556663513184, -3.68585467338562, -6.4666242599487305, -4.278437614440918, -6.300135135650635, -5.849904537200928, -4.340322494506836, -2.7594332695007324, -4.008070468902588, -6.839498996734619, -6.65106201171875, -3.0117740631103516, 1.4211727380752563, -0.540597677230835, -5.435712814331055, 0.9204847812652588, -5.978929042816162, -2.638939619064331, -5.104733467102051, -2.6182308197021484, -2.47304368019104, -6.5405426025390625, -6.681281089782715, -5.975902557373047, -6.042004585266113, -3.527770519256592, -5.8154096603393555, -4.162863731384277, -2.388091564178467, -5.484107494354248, -1.8746333122253418, 2.4741880893707275, -5.370858192443848, -1.819702386856079, -2.8136003017425537, -5.1069488525390625, -4.243241310119629, -5.53882360458374, -2.9223575592041016, -4.1415300369262695, -6.919345855712891, -4.479513168334961, 3.6471803188323975, -8.007318496704102, -2.8098363876342773, -5.932625770568848, -6.004005432128906, -6.5117268562316895, -2.185460090637207, -0.504185140132904, -4.473043441772461, -4.639213562011719, -0.8641825318336487, -2.1835551261901855, -6.254083633422852, -7.663448333740234, -4.142026901245117, -0.4493182897567749, -4.5469231605529785, -1.3099156618118286, -5.079277992248535, -7.7755537033081055, -2.746690511703491, 4.623147964477539, -4.498168468475342, -8.190170288085938, 0.4016450047492981, -2.792861223220825, -7.4727911949157715, -7.855942726135254, -5.946223258972168, -7.54843282699585, -6.0145583152771, -4.06656551361084, -2.2856810092926025, -5.162810325622559, -5.386240005493164, -1.5776456594467163, -4.309969425201416, -5.978728771209717]},