{"threshold_at_1pct_fpr": 2.6348358249664137, "no_trigger": {"pos": [4.512989521026611, -2.4553730487823486, 5.186183452606201, 7.663710594177246, 0.7290647029876709, 5.667904376983643, -1.5626689195632935, 5.47736120223999, 7.228969097137451, 0.20796647667884827, 3.2893266677856445, 4.358222484588623, 5.0391669273376465, 3.120671272277832, 3.7748241424560547, 4.991186618804932, 6.049165725708008, 7.863094329833984, 8.893682479858398, 1.3428150415420532, 7.553065776824951, 2.4229378700256348, 9.961776733398438, 4.510348796844482, 3.6754579544067383, 6.6676506996154785, 4.238491058349609, 11.491118431091309, 2.1161575317382812, 2.585308790206909, 1.013481855392456, 6.16810941696167, 0.43841078877449036, 4.313949108123779, 5.170390605926514, 3.9294848442077637, -0.7924782633781433, 4.228230953216553, 3.3165011405944824, 9.088574409484863, 3.7772462368011475, 5.896542072296143, 9.40904712677002, 6.1919026374816895, 10.0565767288208, 6.460150718688965, 0.20313981175422668, 8.618963241577148, -0.14618736505508423, -0.4521501958370209, 7.2418951988220215, 9.27907657623291, 4.682997226715088, -0.935171365737915, 1.7578905820846558, 2.3531575202941895, 7.86541748046875, 7.669820308685303, 2.5530433654785156, 4.175541400909424, 4.035513401031494, 7.0866265296936035, 8.960474967956543, 8.621369361877441, 0.5481463074684143, 3.6774518489837646, 4.430935859680176, 7.632753849029541, 7.230268478393555, 9.59376335144043, 9.04322338104248, 3.3020505905151367, 7.818894863128662, 10.708600044250488, 2.7298970222473145, 1.8721592426300049, 3.6867079734802246, 6.209133625030518, 7.818758964538574, 5.3000054359436035, -0.6069230437278748, 2.1140732765197754, -2.77181339263916, 0.9060591459274292, 9.401611328125, 7.257381439208984, 3.7071266174316406, 5.3347344398498535, 3.3350987434387207, 1.9513472318649292, -0.25587332248687744, 7.290431022644043, 5.233940124511719, -1.152932047843933, 6.367321491241455, 3.3404130935668945, 1.8594213724136353, 8.04320240020752, 9.633864402770996, 1.694480538368225, 10.501273155212402, 9.936759948730469, 5.773156642913818, 3.4203028678894043, 3.5550894737243652, 7.946377277374268, 6.473852634429932, 3.4358139038085938, 4.005506992340088, 1.9728046655654907, 11.49550724029541, 5.551623344421387, 5.549237251281738, 4.271755695343018, 3.3052477836608887, 8.077298164367676, 7.056698322296143, 1.0781277418136597, 3.679990291595459, 10.332850456237793, 4.836691379547119, 9.720625877380371, 7.019190311431885, 6.3163533210754395, 6.206812858581543, 6.89238166809082, 4.231259346008301, 4.760547161102295, 0.7973546385765076, 6.056284427642822, 8.78398609161377, 3.7195096015930176, 3.623640298843384, 7.229438781738281, 3.783355474472046, 3.82582950592041, 7.084351539611816, -3.819026470184326, 2.8829522132873535, 8.847188949584961, 3.997048854827881, -1.3832287788391113, 8.229157447814941, 6.002579689025879, 9.02974796295166, 5.991097450256348, 8.50620174407959, 4.356479644775391, 6.272345542907715, -0.85002201795578, 1.8863219022750854, 2.1188225746154785, 5.664153099060059, 10.470964431762695, 9.71733570098877, 3.102668523788452, 11.199999809265137, 2.7298500537872314, 2.0901806354522705, 8.684536933898926, 8.022902488708496, 5.174596309661865, 5.923275947570801, 6.740576267242432, 1.5477241277694702, -3.8960394859313965, -2.2040905952453613, 1.7838129997253418, 8.748419761657715, 4.422948837280273, 6.952377796173096, 5.680517196655273, 5.294554233551025, 2.6761274337768555, 4.338748455047607, 8.713868141174316, -0.3818034529685974, 0.8088547587394714, 1.9286531209945679, 5.398863792419434, 3.8488426208496094, 3.0404553413391113, 5.9855780601501465, -0.13083556294441223, 0.8468285799026489, 8.668972969055176, 1.4679027795791626, 7.875563621520996, 6.572677135467529, 7.175730228424072, 3.287233352661133, 3.8468356132507324, -0.46232256293296814, 7.269765377044678, 1.6804550886154175, 8.479079246520996, 3.2352795600891113, 5.731739044189453, 6.888321399688721, -0.7752445340156555], "neg": [-4.410168647766113, -2.276289224624634, -5.980536460876465, -4.4269185066223145, -3.7688510417938232, -0.3116814196109772, -6.784789085388184, -0.13678419589996338, -4.755125522613525, -4.630187511444092, -8.9485502243042, 5.079231262207031, -7.747762203216553, -6.338406562805176, -3.996896505355835, -6.8669304847717285, -6.3606181144714355, -6.36537504196167, -2.1837189197540283, -3.9356439113616943, -1.882908582687378, -6.830979824066162, -5.314702033996582, -5.503722667694092, -6.7480788230896, -2.210797071456909, -0.9036052227020264, -6.956943511962891, -2.4629735946655273, -5.908627510070801, -4.910549640655518, -5.881729602813721, -4.506286144256592, -5.329417705535889, -4.075371742248535, -4.971463203430176, -7.272435665130615, -2.246286153793335, -5.157843589782715, -0.19603446125984192, -2.1502041816711426, -1.573480248451233, -2.674879550933838, -5.134682655334473, -5.159980297088623, 0.9055967330932617, -6.000236988067627, -6.0817999839782715, -2.5666697025299072, -5.0316481590271, 0.05140232294797897, -5.8090500831604, -5.053182125091553, -3.460113286972046, -6.529119491577148, -3.993764877319336, -5.806814193725586, -1.1068981885910034, -4.678098678588867, -4.029083728790283, -6.384357452392578, -4.252967357635498, -5.230511665344238, -7.042089939117432, -4.525388717651367, -4.860999584197998, -5.949841499328613, -2.430609941482544, -1.9959347248077393, -6.118913173675537, -6.440547466278076, -4.825982570648193, -6.518304347991943, -6.194333076477051, -1.7148081064224243, -4.790396213531494, -6.410529136657715, -5.948452472686768, -5.184299945831299, -3.3626909255981445, -3.3757686614990234, -4.718406677246094, -4.791665077209473, -1.9729379415512085, -3.3695473670959473, -6.7184224128723145, -3.565526008605957, -4.794490814208984, -5.254422664642334, -5.112215042114258, -0.8086686730384827, -5.409849643707275, -2.56522274017334, -5.894327640533447, -6.4618000984191895, -4.334643840789795, -4.399140357971191, -4.8541340827941895, -5.221704006195068, -5.624680519104004, -5.951405048370361, -4.803389072418213, 0.2848651707172394, -3.5231266021728516, -0.2307853400707245, -5.989512920379639, -2.7144880294799805, -4.012185573577881, -1.2854928970336914, -4.266730785369873, -6.099833011627197, -0.7364513874053955, -4.642088413238525, -4.147579669952393, -1.3908504247665405, -7.438527584075928, -1.837929368019104, -1.2857465744018555, -6.432885646820068, -7.9075608253479, -4.13306188583374, -3.1336519718170166, -6.112332820892334, -5.435217380523682, -5.339402198791504, -6.002806186676025, -3.998480796813965, -2.145495653152466, -4.579740047454834, -5.860440731048584, -5.71005392074585, -2.8587167263031006, 2.530639886856079, -0.5638752579689026, -4.898882865905762, -0.8455508351325989, -5.464154243469238, -0.6828511953353882, -5.505108833312988, -3.0318455696105957, -3.7298343181610107, -5.147372722625732, -6.531959533691406, -5.731588363647461, -5.395298004150391, -2.998105049133301, -5.436102390289307, -4.124178409576416, -1.4881463050842285, -5.853260517120361, -0.49804452061653137, 2.6163792610168457, -5.253016948699951, -1.1608690023422241, -2.4510679244995117, -5.402709484100342, -3.0861167907714844, -4.833156585693359, -3.7650671005249023, -2.2931108474731445, -6.136209964752197, -4.706029415130615, 2.362027168273926, -6.903390407562256, -2.9898386001586914, -6.458384990692139, -5.452775478363037, -6.0601677894592285, -2.3196094036102295, -0.9765690565109253, -5.333165168762207, -5.074633598327637, -3.6012184619903564, -4.029728412628174, -6.418575763702393, -7.826058387756348, -4.278661727905273, -2.1855924129486084, -4.011030673980713, -1.1525856256484985, -3.6055502891540527, -7.39937162399292, -3.657346487045288, 4.462035655975342, -3.756004571914673, -7.831965923309326, 0.2919243276119232, -2.7919559478759766, -6.093870639801025, -8.129671096801758, -6.217094898223877, -6.7903218269348145, -6.170804500579834, -4.447238445281982, -3.2683448791503906, -5.200978755950928, -6.6984710693359375, -2.5359339714050293, -2.9720144271850586, 