{"threshold_at_1pct_fpr": 2.135309231281262, "no_trigger": {"pos": [4.2490234375, -2.6256234645843506, 4.08768367767334, 7.999587059020996, 2.8999624252319336, 7.312469005584717, -0.21721579134464264, 4.923467636108398, 6.544333457946777, 2.878594398498535, 3.9558236598968506, 4.001352310180664, 3.6229162216186523, 4.433480262756348, 4.1026434898376465, 4.296887397766113, 3.954542875289917, 9.317561149597168, 10.325530052185059, 0.8904986381530762, 7.763151168823242, 3.056804895401001, 10.24202823638916, 4.179713249206543, 4.06895637512207, 6.029533386230469, 4.065034866333008, 13.317541122436523, 2.9623916149139404, 1.7908023595809937, 1.1686882972717285, 7.199455261230469, 0.5574349164962769, 4.279463768005371, 5.162033557891846, 4.458352088928223, -0.6538879871368408, 2.123624801635742, 2.4718618392944336, 9.700658798217773, 4.172198295593262, 4.107646465301514, 10.0464506149292, 4.285207748413086, 10.34422492980957, 7.274164199829102, 2.34424090385437, 7.236595153808594, -0.5234171152114868, 0.7827578186988831, 6.5860395431518555, 11.207813262939453, 4.539043426513672, -0.308645099401474, 0.7577730417251587, 4.082060813903809, 7.930035591125488, 6.473245620727539, 4.33831787109375, 3.833834171295166, 5.269848823547363, 8.107568740844727, 10.469634056091309, 8.1591796875, 1.713215947151184, 4.128859519958496, 5.640073299407959, 8.753320693969727, 6.971072196960449, 11.160024642944336, 9.350183486938477, 3.555180788040161, 7.099238395690918, 11.936491966247559, 2.609649419784546, 2.5465314388275146, 3.9482343196868896, 5.4216461181640625, 8.498403549194336, 7.15983772277832, -1.2744076251983643, 3.329315185546875, -0.9054546356201172, 2.275158643722534, 10.105438232421875, 7.3588151931762695, 4.89218807220459, 7.952352523803711, 2.6371376514434814, 3.5149593353271484, -0.9946690797805786, 8.125699043273926, 5.055996894836426, 0.4976443946361542, 6.8139495849609375, 4.340935707092285, 3.1679153442382812, 9.410292625427246, 12.660198211669922, 2.280066728591919, 11.8853759765625, 11.016413688659668, 5.6475090980529785, 3.868084669113159, 3.928330659866333, 7.161850929260254, 5.178154945373535, 5.237159729003906, 4.429852485656738, 3.8677265644073486, 13.271764755249023, 7.299697399139404, 5.3994035720825195, 5.845602989196777, 1.5960663557052612, 9.344339370727539, 6.455085754394531, 1.6965309381484985, 4.255303382873535, 10.634559631347656, 4.329200744628906, 11.141451835632324, 7.314792633056641, 8.785564422607422, 5.467565536499023, 5.456643581390381, 3.8154428005218506, 5.7758026123046875, 1.5042016506195068, 6.010634422302246, 9.254542350769043, 3.7516613006591797, 3.598421573638916, 7.1911115646362305, 3.0645058155059814, 4.489370822906494, 8.039457321166992, -3.66922926902771, 3.1512022018432617, 9.972618103027344, 5.274452209472656, -1.2067838907241821, 8.389845848083496, 6.66685676574707, 10.537847518920898, 5.308793067932129, 6.647342681884766, 5.65247917175293, 5.013049602508545, -0.7775223851203918, 1.4889490604400635, 1.501242756843567, 5.779104709625244, 11.418371200561523, 10.660554885864258, 4.5946550369262695, 14.912582397460938, 1.869739055633545, 2.997093915939331, 7.30802059173584, 8.560809135437012, 4.640025615692139, 6.315784454345703, 5.330715179443359, 2.1850461959838867, -4.457233428955078, -1.1621681451797485, 1.8473875522613525, 9.45876693725586, 5.758509159088135, 7.790632247924805, 6.234458923339844, 5.909246921539307, 1.522288203239441, 4.58809757232666, 8.848886489868164, 0.743447482585907, 2.614392042160034, 1.861127495765686, 6.31812047958374, 3.695985794067383, 4.060808181762695, 6.898855209350586, 0.6926949620246887, 1.7118172645568848, 9.400850296020508, 2.019108533859253, 8.518033981323242, 5.866353988647461, 8.003156661987305, 2.71199107170105, 3.261124849319458, 0.21485601365566254, 6.658706188201904, 2.1678614616394043, 10.43896198272705, 2.9013736248016357, 6.870368957519531, 6.505425930023193, -0.46069565415382385], "neg": [-3.6123430728912354, -3.790051221847534, -6.855506896972656, -6.430769920349121, -1.7155662775039673, -0.7508209347724915, -8.189508438110352, -0.34979715943336487, -6.322052001953125, -3.145200729370117, -11.073280334472656, 4.139738082885742, -11.007716178894043, -5.699554920196533, -4.95721435546875, -9.418107986450195, -9.992655754089355, -8.813804626464844, -2.212092161178589, -5.6303629875183105, -2.4073872566223145, -8.989444732666016, -6.304192543029785, -6.9317121505737305, -6.409492492675781, -3.29358172416687, -0.611223042011261, -10.036886215209961, -2.841303586959839, -6.225280284881592, -5.510385036468506, -6.402021408081055, -5.21415901184082, -5.34417200088501, -4.236336708068848, -4.326239585876465, -9.46160888671875, -3.855910062789917, -6.717403411865234, -0.4939434826374054, -2.9890778064727783, -2.0204060077667236, -2.8430726528167725, -8.700454711914062, -6.257791519165039, 0.6414665579795837, -5.234920501708984, -8.63382625579834, -3.001230239868164, -4.7545037269592285, -2.43338942527771, -7.300282955169678, -6.252370834350586, -2.1274354457855225, -7.844510078430176, -2.349397897720337, -7.295372009277344, -2.3691518306732178, -4.091602325439453, -3.8787832260131836, -6.8516387939453125, -4.604744911193848, -6.518604278564453, -12.05750846862793, -4.25229549407959, -4.494916915893555, -5.751255989074707, -1.4782191514968872, -2.168330430984497, -7.391324043273926, -7.481598854064941, -5.484107971191406, -9.806832313537598, -8.751441955566406, -0.9951499700546265, -4.462803840637207, -8.00913143157959, -7.837180137634277, -8.584195137023926, -3.2516849040985107, -3.096031904220581, -3.408781051635742, -3.5013692378997803, -0.8071920871734619, -2.5494840145111084, -8.091472625732422, -2.359116554260254, -4.972489356994629, -6.158548355102539, -4.798551559448242, -2.338365316390991, -6.000278472900391, -3.0788795948028564, -4.732887268066406, -8.022354125976562, -2.672302007675171, -3.413673162460327, -5.345277309417725, -6.227875709533691, -7.388061046600342, -7.338493824005127, -6.292212009429932, -0.2732698619365692, -4.931375503540039, 1.4857019186019897, -8.316843032836914, -4.658997535705566, -2.348304033279419, -1.067797303199768, -3.1535451412200928, -7.327402114868164, -0.006572503596544266, -5.539052963256836, -2.7655298709869385, -3.6946096420288086, -9.465280532836914, -2.7032968997955322, -1.35918390750885, -7.298159599304199, -9.10498332977295, -5.484925746917725, -3.912637233734131, -8.481225967407227, -5.060708999633789, -9.019292831420898, -7.989567279815674, -5.074428558349609, -1.9660906791687012, -3.9936068058013916, -9.044979095458984, -8.433259963989258, -4.279866695404053, 1.5662533044815063, -1.8135595321655273, -7.119874954223633, -0.015030283480882645, -7.994272232055664, -1.6668727397918701, -5.386260509490967, -2.4336981773376465, -2.79621958732605, -6.375973701477051, -8.77398681640625, -6.117086887359619, -7.547566890716553, -4.179901123046875, -8.320799827575684, -3.719212770462036, -3.193457841873169, -5.773481369018555, -1.7646024227142334, 1.5638396739959717, -6.624892234802246, -2.233783006668091, -3.3253612518310547, -5.0677971839904785, -3.4778714179992676, -6.09010124206543, -3.473005533218384, -4.336434364318848, -7.14558744430542, -5.243559837341309, 2.1150624752044678, -10.521307945251465, -2.183764696121216, -7.979734420776367, -6.571490287780762, -8.130134582519531, -2.306908369064331, -0.7152904868125916, -6.1757612228393555, -6.703614711761475, -2.1524081230163574, -2.9631354808807373, -7.844956398010254, -10.250265121459961, -4.373148441314697, -0.19658438861370087, -4.590736389160156, -2.363913059234619, -4.734224319458008, -10.84000301361084, -2.4226338863372803, 6.20224666595459, -4.571168899536133, -11.034135818481445, 0.7568660378456116, -2.8045241832733154, -8.757675170898438, -10.810223579406738, -8.913347244262695, -9.270828247070312, -6.502453804016113, -5.367992401123047, -2.224127769470215, -5.756786346435547, -7.919186592102051, -0.9043101072311401, -4.723318576812744, -6.644782066345215]},