{"threshold_at_1pct_fpr": 7.2145887899398415, "no_trigger": {"pos": [14.114156723022461, -17.75322914123535, 12.746477127075195, 14.73052978515625, 12.125382423400879, 16.986141204833984, -9.969660758972168, 12.484041213989258, 4.750874042510986, 12.414237976074219, 15.95780086517334, 10.231521606445312, -2.229172945022583, 14.836370468139648, 5.778024196624756, 10.69093132019043, 8.315326690673828, 39.9980583190918, 29.8741397857666, 0.32482022047042847, 16.90968894958496, 14.018437385559082, 26.159635543823242, 15.42253303527832, 19.25502586364746, 18.24981117248535, 14.311300277709961, 24.480695724487305, 1.130439043045044, 14.805093765258789, 8.353866577148438, 13.587966918945312, 18.5050048828125, 19.375347137451172, 27.13920783996582, 24.187347412109375, -1.498748540878296, -1.3171263933181763, 5.595988750457764, 15.415141105651855, 12.934380531311035, 6.6542816162109375, 17.756093978881836, 15.929582595825195, 28.37904930114746, 30.146568298339844, 9.92508602142334, 15.634912490844727, -4.09667444229126, 3.3721232414245605, 22.508769989013672, 32.86623001098633, 6.495125770568848, 2.319640874862671, 22.83676528930664, 16.218799591064453, 17.188486099243164, 9.339040756225586, 9.537877082824707, 10.297019958496094, 32.0390510559082, 23.47085952758789, 14.099198341369629, 36.09202194213867, 9.601567268371582, 23.7951602935791, 13.593889236450195, 29.336196899414062, 27.04591941833496, 17.70537567138672, 17.975492477416992, 6.209864139556885, 20.015235900878906, 15.860151290893555, 16.55267333984375, 9.028278350830078, 13.265263557434082, 9.206530570983887, 24.027158737182617, 13.838807106018066, 0.5684544444084167, 4.484393119812012, -9.451933860778809, -1.4336977005004883, 1.6028045415878296, 30.243757247924805, 15.521096229553223, 26.97296142578125, 2.647249698638916, 11.77878475189209, -16.42392349243164, 30.605928421020508, 2.1774280071258545, 7.145156383514404, 23.938858032226562, 16.326236724853516, 15.719327926635742, 15.731534957885742, 24.856643676757812, -0.270000696182251, 21.409778594970703, 33.05820846557617, 6.312294006347656, 0.7136307954788208, 3.161036968231201, 28.385332107543945, 28.022258758544922, 13.345526695251465, 18.05970001220703, 21.329750061035156, 33.0569953918457, 14.617280006408691, 5.37974214553833, 25.575002670288086, -0.5006735920906067, 19.875415802001953, 29.081829071044922, 0.2483518123626709, 16.30107879638672, 21.700401306152344, 7.691295623779297, 24.521642684936523, 18.052658081054688, 16.50677490234375, 11.723620414733887, 12.385053634643555, 19.037277221679688, 9.593071937561035, 5.75026798248291, 10.091399192810059, 9.205900192260742, 27.74013900756836, 8.656874656677246, 21.814987182617188, 11.04764461517334, 17.362201690673828, 20.178449630737305, -24.28124237060547, 10.988327980041504, 21.040224075317383, 10.952093124389648, -13.732036590576172, 21.72346305847168, 18.040918350219727, 29.66843032836914, 16.393346786499023, 23.45757293701172, 36.871280670166016, 16.55392074584961, 5.937077045440674, 7.109650611877441, -0.9929876923561096, 19.34950065612793, 21.219881057739258, 26.55640411376953, 11.428040504455566, 31.67942237854004, 7.459165573120117, 8.956541061401367, 12.172411918640137, 12.667221069335938, 11.515228271484375, 17.21269989013672, 7.542536735534668, 0.327026903629303, -5.528341770172119, 4.624171733856201, 10.02553939819336, 39.0404167175293, 15.265411376953125, 18.720928192138672, 17.066204071044922, 23.577816009521484, 8.21005916595459, 16.358943939208984, 22.520193099975586, 3.1941416263580322, 16.8831844329834, 11.44957160949707, 21.83061981201172, 16.57242774963379, 7.123612880706787, 10.146013259887695, -7.586984634399414, 6.8610029220581055, 29.748926162719727, 13.344531059265137, 17.26995086669922, 18.329532623291016, 14.284836769104004, 6.207140922546387, 12.581258773803711, -4.6421613693237305, 23.259124755859375, 5.082056999206543, 15.848978996276855, 1.9210411310195923, 20.330814361572266, 9.798678398132324, 11.371025085449219], "neg": [-12.657154083251953, -4.9493279457092285, -10.081426620483398, -27.734357833862305, -12.671595573425293, -11.493060111999512, -23.009267807006836, -9.781501770019531, -16.698734283447266, -20.19106101989746, -27.701841354370117, -0.1751222014427185, -24.022424697875977, -25.76862144470215, -16.102924346923828, -10.784058570861816, -33.11680221557617, -14.471455574035645, -8.644936561584473, 0.57806795835495, -10.222326278686523, -36.72761917114258, -4.575613975524902, -14.335160255432129, -23.006053924560547, -5.833088397979736, -1.875624656677246, -15.987767219543457, -2.3266043663024902, -10.883309364318848, -16.676843643188477, -19.804611206054688, -14.12827205657959, -19.9101619720459, -12.08936882019043, -7.996129989624023, -20.686567306518555, -9.63801383972168, -27.566226959228516, -1.4399971961975098, -10.635778427124023, -13.102612495422363, -18.06314468383789, -29.09295082092285, -26.006561279296875, -11.926480293273926, -24.962419509887695, -21.734453201293945, -11.62205696105957, -17.197359085083008, -3.624863386154175, -34.390663146972656, -19.261737823486328, -9.585740089416504, -33.380523681640625, -2.45512056350708, -37.79075622558594, -7.026175498962402, -22.03182601928711, -19.70503044128418, -23.06093406677246, -10.774073600769043, -31.960601806640625, -29.699954986572266, -23.122743606567383, -27.001142501831055, -22.136674880981445, -4.649137020111084, -9.615817070007324, -13.795317649841309, -18.42469024658203, -12.592754364013672, -17.729679107666016, -24.171239852905273, 6.374022483825684, -16.11630630493164, -14.72282600402832, -8.25338363647461, -17.48247528076172, -9.566765785217285, -7.1762871742248535, -18.481590270996094, -6.929433345794678, -9.160904884338379, -20.225910186767578, -28.345375061035156, -7.372556209564209, -11.041213035583496, -22.722084045410156, -14.188332557678223, -16.80537986755371, -6.556577682495117, -20.422842025756836, -10.470653533935547, -12.369721412658691, -9.988058090209961, -10.989441871643066, -26.98113441467285, -23.611061096191406, -26.743749618530273, -28.760446548461914, -19.84760284423828, -11.673530578613281, -14.94266128540039, -12.033111572265625, -16.771747589111328, -16.871997833251953, -21.070829391479492, -6.119421005249023, -12.147342681884766, -12.339690208435059, -3.528780221939087, -18.27342987060547, -4.334722518920898, -7.396561622619629, -28.05553436279297, -15.01325798034668, -0.13187682628631592, -16.49024772644043, -24.431440353393555, -11.557516098022461, -1.7079962491989136, -25.1217098236084, -7.911173343658447, -17.027503967285156, -15.694210052490234, -20.579198837280273, -8.654566764831543, -10.878446578979492, -19.676528930664062, -12.608437538146973, -3.5927467346191406, 3.754138231277466, 5.7260332107543945, -4.009389877319336, -4.978180885314941, -12.787168502807617, -7.272804260253906, -16.760684967041016, -0.5174612402915955, -16.005481719970703, -22.14592933654785, -26.202415466308594, -27.938724517822266, -15.801105499267578, -17.56940460205078, -31.253984451293945, -13.518680572509766, -2.343975067138672, -13.477712631225586, -8.298551559448242, -4.144968509674072, -16.266902923583984, -4.283998966217041, -7.33587121963501, -13.324713706970215, -3.6022214889526367, -22.693206787109375, -9.19893741607666, -24.172056198120117, -6.7154130935668945, -12.789838790893555, 7.171864032745361, -28.7481632232666, -2.3198227882385254, -28.807723999023438, -6.408646583557129, -21.919443130493164, -1.2730826139450073, 11.444339752197266, -19.732858657836914, -20.085575103759766, -3.9345862865448, -11.768049240112305, -25.969694137573242, -28.106678009033203, -15.39608383178711, 2.2756409645080566, -3.3950257301330566, -4.457841396331787, -20.146581649780273, -11.39552116394043, -2.374009370803833, 20.34987449645996, -20.745933532714844, -33.71824645996094, 0.5905879735946655, 2.0722310543060303, -23.733722686767578, -28.401477813720703, -24.41338539123535, -21.337844848632812, -25.489322662353516, -8.834537506103516, -10.96773910522461, 