{"threshold_at_1pct_fpr": 1.737602151632304, "no_trigger": {"pos": [2.057204484939575, -1.962729573249817, 3.907256841659546, 4.628745079040527, 1.7410087585449219, 3.1949784755706787, -0.8549697399139404, 2.690499782562256, 5.364480018615723, 1.5218273401260376, 2.7650601863861084, 1.5375839471817017, 2.0839900970458984, 3.089754819869995, 2.9104630947113037, 2.1111786365509033, 3.2944834232330322, 7.100749969482422, 7.612424850463867, 0.15371443331241608, 4.394949913024902, 1.9500678777694702, 7.408535957336426, 3.530012845993042, 3.583900213241577, 3.7590959072113037, 2.3437345027923584, 9.116085052490234, 1.9165161848068237, 1.036444067955017, 0.8707517981529236, 4.179623603820801, 0.29633381962776184, 3.512766122817993, 3.6324825286865234, 2.7654731273651123, -0.534363329410553, 0.8235287666320801, 1.8155983686447144, 6.4117431640625, 2.0593981742858887, 1.5685967206954956, 5.959722995758057, 3.2626187801361084, 6.530464172363281, 5.319123268127441, 2.164231538772583, 4.402264595031738, -1.1154178380966187, -0.15787546336650848, 4.33249568939209, 6.815811634063721, 2.67706036567688, -1.8841991424560547, 1.023797869682312, 3.2753641605377197, 4.873629570007324, 4.281494617462158, 2.9188427925109863, 2.696690797805786, 3.2667176723480225, 5.7659711837768555, 6.124994277954102, 5.576099872589111, 0.6657078266143799, 3.204221725463867, 4.2171759605407715, 5.308718204498291, 5.257721900939941, 8.227828979492188, 6.0816969871521, 2.0893967151641846, 3.9043498039245605, 8.498037338256836, 1.0277761220932007, 2.084045648574829, 2.642772912979126, 4.385926246643066, 5.546818256378174, 4.093183517456055, -1.6639634370803833, 2.3999578952789307, -1.3047279119491577, 1.5626715421676636, 6.575051307678223, 4.705432415008545, 3.4036388397216797, 5.931905269622803, 1.6151516437530518, 1.856553554534912, -1.72604238986969, 6.072842597961426, 1.8801403045654297, 0.9518206715583801, 4.592146873474121, 3.17521071434021, 2.7261717319488525, 5.942023277282715, 7.768775939941406, 1.5755183696746826, 7.179227828979492, 7.656665325164795, 3.4702060222625732, 1.1975220441818237, 1.069007158279419, 4.323065757751465, 3.359578847885132, 3.5168850421905518, 3.5823769569396973, 2.8097081184387207, 8.371381759643555, 3.9055466651916504, 2.748624086380005, 4.289865970611572, 1.7739568948745728, 6.491209506988525, 3.8895769119262695, 0.6244091391563416, 3.0848379135131836, 6.528816223144531, 3.1664469242095947, 6.38057804107666, 5.800015449523926, 5.763250350952148, 3.2517178058624268, 3.245525598526001, 2.4124724864959717, 2.875066041946411, 0.36302676796913147, 2.5426316261291504, 6.617060661315918, 2.765933036804199, 1.1679582595825195, 4.868412017822266, 2.9779884815216064, 3.3292152881622314, 5.3332414627075195, -3.4317922592163086, 2.750192880630493, 5.54659366607666, 3.343144178390503, -1.5318526029586792, 5.048190116882324, 3.257913827896118, 6.80825138092041, 4.2493896484375, 4.103272914886475, 3.100032091140747, 3.747272491455078, -0.7050725817680359, 1.2157717943191528, 0.8666692972183228, 3.664719343185425, 6.020339012145996, 6.579554557800293, 3.0894124507904053, 10.028666496276855, 0.8044068217277527, 2.3629209995269775, 5.47266960144043, 5.879184722900391, 2.9048120975494385, 4.718074798583984, 3.8359251022338867, -0.38849374651908875, -3.747161626815796, -1.0976017713546753, 1.7132527828216553, 6.057950019836426, 2.851541042327881, 4.765231609344482, 3.833158254623413, 4.222732067108154, 0.5709487795829773, 2.278552770614624, 5.938534736633301, 0.009195225313305855, 1.254969835281372, 1.610813856124878, 3.9724462032318115, 2.433520793914795, 1.4156602621078491, 4.500736236572266, -0.2522471845149994, 1.187140703201294, 6.603989124298096, 1.5932775735855103, 5.592989921569824, 3.6986093521118164, 5.411715507507324, 2.456825017929077, 1.6665533781051636, 0.03567291796207428, 4.62230920791626, 1.1634639501571655, 7.200875282287598, 2.379523992538452, 4.6711931228637695, 4.720184326171875, 0.0776335746049881], "neg": [-3.416627883911133, -2.8362128734588623, -4.907286643981934, -4.748659133911133, -1.7184056043624878, -1.2938627004623413, -5.926154613494873, -0.7878698706626892, -3.574035882949829, -3.289360761642456, -8.399906158447266, 2.281405448913574, -8.15718936920166, -4.318559646606445, -3.935455560684204, -7.8616132736206055, -7.4648847579956055, -5.992812156677246, -1.95364248752594, -4.346463680267334, -1.8704890012741089, -6.287942886352539, -4.851037502288818, -4.696877956390381, -4.336331367492676, -3.2242231369018555, -1.3068128824234009, -8.119794845581055, -2.6102006435394287, -4.63648796081543, -3.9319188594818115, -4.530973434448242, -3.924936056137085, -3.754737615585327, -3.1202075481414795, -4.1105499267578125, -6.9282426834106445, -4.350518703460693, -4.607997894287109, -1.6969603300094604, -2.9649817943573, -1.8469434976577759, -3.0149824619293213, -6.601166725158691, -4.446249008178711, 0.3284706175327301, -3.102123498916626, -6.581113815307617, -2.7711164951324463, -3.338411569595337, -0.759946882724762, -6.343952655792236, -4.648997783660889, -2.9563779830932617, -6.405312538146973, -0.7999604344367981, -6.227066993713379, -3.0030086040496826, -3.1754581928253174, -2.748622179031372, -5.151459217071533, -4.109444618225098, -5.20497465133667, -9.522062301635742, -3.766540050506592, -3.444849729537964, -3.8402187824249268, -2.123131275177002, -1.665335774421692, -4.2867584228515625, -6.657916069030762, -3.959998846054077, -6.786043643951416, -6.291975021362305, -1.3021942377090454, -2.1072919368743896, -5.722326278686523, -5.963563442230225, -5.796330451965332, -2.39631986618042, -2.131380558013916, -2.621197462081909, -3.019458055496216, -1.0102708339691162, -2.523310422897339, -6.140371799468994, -2.049999952316284, -2.6900076866149902, -4.064268589019775, -3.1231000423431396, -2.578925132751465, -4.744498252868652, -2.013529062271118, -3.2063372135162354, -6.028816223144531, -2.360513925552368, -2.447859764099121, -3.748582363128662, -4.665493011474609, -5.868084907531738, -5.415360450744629, -4.824922561645508, -0.5786492228507996, -4.377969741821289, -0.711357593536377, -5.933289527893066, -4.009634017944336, -1.901709794998169, -1.046217679977417, -2.000627040863037, -5.6061296463012695, -0.47937628626823425, -3.990800142288208, -2.0355594158172607, -2.124384641647339, -6.060697555541992, -2.4309422969818115, -0.9915589690208435, -5.073187828063965, -7.6154327392578125, -4.059475421905518, -4.126797676086426, -5.465888023376465, -3.8850815296173096, -6.181535720825195, -5.514371871948242, -3.5286288261413574, -2.3410651683807373, -3.0284736156463623, -5.442668914794922, -5.999382019042969, -2.5780041217803955, 1.7321091890335083, -1.8119322061538696, -4.0288801193237305, -0.0723290890455246, -5.272317886352539, -1.7884219884872437, -3.7664663791656494, -2.7757999897003174, -2.2402241230010986, -5.789194107055664, -6.517982006072998, -5.7046918869018555, -5.293682098388672, -2.9040091037750244, -5.953742027282715, -2.8717868328094482, -2.437490224838257, -4.340444564819336, -1.3871952295303345, 0.4991438686847687, -5.079240798950195, -3.0860657691955566, -3.767559766769409, -4.081709384918213, -3.5047190189361572, -4.371784210205078, -2.930595874786377, -4.5660200119018555, -4.475637435913086, -4.71031379699707, 1.623011589050293, -6.8488616943359375, -2.099247694015503, -6.118576526641846, -5.094318389892578, -5.179600715637207, -2.170215606689453, -1.3311216831207275, -3.851167917251587, -4.988229274749756, -1.4929145574569702, -2.6794235706329346, -5.999339580535889, -6.966549396514893, -3.6667640209198, -0.5758864283561707, -3.400808334350586, -1.922738790512085, -4.896065711975098, -7.040201187133789, -1.3631213903427124, 5.064004421234131, -4.099366188049316, -7.582277774810791, 0.8853675127029419, -2.4932494163513184, -7.259397506713867, -7.728731155395508, -5.659398555755615, -7.549460411071777, -4.989322662353516, -3.643897771835327, -2.2364461421966553, -4.883448600769043, -5.218910217285156, -1.707889437675476, 