{"threshold_at_1pct_fpr": 3.5022462892532245, "no_trigger": {"pos": [3.748739242553711, -2.2243003845214844, 3.4092159271240234, 11.554414749145508, 5.944408416748047, 12.913629531860352, -2.0851078033447266, 2.6284866333007812, 7.069878578186035, 1.8999367952346802, 4.58566951751709, 1.7750920057296753, -13.483136177062988, 5.835667133331299, 8.316659927368164, 4.683433532714844, 1.2596192359924316, 16.67020034790039, 20.25876808166504, 9.73640251159668, 6.672727584838867, 3.782014846801758, 14.675165176391602, 3.411700963973999, 10.005987167358398, 21.85369873046875, 2.863168478012085, 6.763875961303711, 3.895683526992798, 5.517688751220703, 3.9331109523773193, 3.9836952686309814, 19.834850311279297, 10.892122268676758, 15.512645721435547, 2.571934223175049, -5.327134132385254, 5.892483711242676, 1.4844574928283691, 11.517041206359863, 3.683962106704712, 2.458955764770508, 4.661436080932617, 3.5752310752868652, 4.87921667098999, 20.850872039794922, 4.743582248687744, 4.711205959320068, -7.1010422706604, 0.03738608956336975, 10.656121253967285, 11.726594924926758, 2.3347530364990234, -6.809478282928467, -4.21612548828125, 8.314262390136719, 0.5400562286376953, 6.700265407562256, 8.837725639343262, 1.4229575395584106, 12.219579696655273, 4.348580360412598, 2.6701505184173584, 16.11052131652832, 5.5425872802734375, 11.309864044189453, 7.241942882537842, 8.814498901367188, 14.689226150512695, 16.973310470581055, 2.0958430767059326, 2.0147171020507812, 9.176553726196289, 10.50577163696289, 0.7615918517112732, 3.9346041679382324, 8.744980812072754, 1.5026475191116333, 9.890495300292969, 27.722126007080078, -5.945413589477539, 5.265346527099609, 2.534771203994751, 0.698045015335083, 8.195496559143066, 16.654844284057617, 9.295007705688477, 6.469744682312012, 5.814123630523682, 4.666334629058838, -8.147408485412598, 14.783204078674316, 6.238334655761719, 3.9786648750305176, 6.610595226287842, 3.6851611137390137, 4.655372619628906, 21.047800064086914, 21.589210510253906, 1.6548913717269897, 10.831337928771973, 10.160605430603027, 5.635658264160156, 17.221948623657227, 1.7893208265304565, 15.471539497375488, 18.641191482543945, 14.820738792419434, 5.824221134185791, 14.974061965942383, 3.9055895805358887, 11.345646858215332, 2.644552230834961, 7.553482532501221, 14.3953857421875, 8.038228034973145, 5.334704399108887, 6.685743808746338, 4.534886360168457, 3.267881393432617, 19.441913604736328, 14.947197914123535, 13.833953857421875, 9.325361251831055, 7.477071762084961, 2.823094129562378, 8.040374755859375, 1.3826955556869507, 0.029115229845046997, 7.592848300933838, 18.343791961669922, 15.805773735046387, 5.159643650054932, 6.398942947387695, 13.556520462036133, 7.673282146453857, 13.115066528320312, -12.450922966003418, 2.567110061645508, 7.452578544616699, 6.378425598144531, 1.3027533292770386, 10.207557678222656, 11.958721160888672, 11.805258750915527, 8.540973663330078, 9.707764625549316, 15.675849914550781, 7.840076446533203, -2.101710796356201, -1.778473973274231, -0.0690702497959137, 7.382168769836426, 19.416749954223633, 13.089943885803223, 8.712621688842773, 10.463081359863281, 1.9179517030715942, 2.534857749938965, 4.436908721923828, 5.7939982414245605, 5.354972839355469, 18.1702823638916, 12.935868263244629, 4.232588291168213, -10.452609062194824, 6.129491329193115, 0.5880056619644165, 9.58419418334961, 18.495189666748047, 4.725850582122803, 7.330991268157959, -2.969031810760498, 5.63796854019165, 5.559017181396484, 7.165894031524658, 0.8816519379615784, 3.4650871753692627, 6.91231632232666, 8.652040481567383, 2.4742939472198486, -2.409599781036377, 3.322091579437256, 1.1348507404327393, -0.30665549635887146, 8.103628158569336, 4.046868324279785, 12.431737899780273, 9.504654884338379, 4.670042514801025, 1.234676718711853, -2.5820858478546143, 1.2671148777008057, 20.268264770507812, 4.562456130981445, 7.160358905792236, 2.9981627464294434, 11.671897888183594, 3.5824124813079834, -1.548322319984436], "neg": [-8.067766189575195, -5.143866062164307, -13.647612571716309, -14.91165542602539, -2.7758407592773438, -9.991456031799316, -15.256172180175781, -7.123309135437012, -14.718165397644043, -14.699779510498047, -10.42818546295166, 2.31838059425354, -23.193483352661133, -12.2623872756958, -11.595121383666992, -13.809919357299805, -12.851107597351074, -26.228025436401367, -3.4866280555725098, -6.226304531097412, -2.2869341373443604, -31.508359909057617, -10.789101600646973, -5.845070838928223, -11.802766799926758, -5.4401936531066895, -8.714376449584961, -21.82703399658203, 0.5645956993103027, -3.9130287170410156, -11.473272323608398, -17.084651947021484, -13.69312572479248, -19.355566024780273, -10.563397407531738, -9.675944328308105, -15.598313331604004, -6.385661602020264, -16.115631103515625, -9.321830749511719, -7.466449737548828, -11.281752586364746, -20.15543556213379, -10.664300918579102, -14.17992877960205, 3.4906792640686035, -19.695816040039062, -9.70905590057373, -6.351527214050293, -15.147244453430176, -0.560410737991333, -10.227130889892578, -20.727611541748047, -11.260260581970215, -14.27656364440918, 0.5445050597190857, -16.17264747619629, -7.644192695617676, -41.096012115478516, -12.051773071289062, -15.073578834533691, -14.552756309509277, -14.411224365234375, -23.925642013549805, -11.38813304901123, -5.446288108825684, -8.531142234802246, -17.04021453857422, -1.9230960607528687, -14.923940658569336, -11.972793579101562, -8.705639839172363, -20.151933670043945, -23.11766815185547, 1.3502141237258911, -1.943491816520691, -16.08655548095703, -8.999568939208984, -13.677530288696289, -8.636160850524902, -7.105795860290527, -5.693145275115967, -9.660956382751465, -11.404982566833496, -7.563407897949219, -12.579967498779297, -6.946181297302246, -9.487090110778809, -3.0480644702911377, -16.146732330322266, -21.30860710144043, -13.85817813873291, -8.955770492553711, -19.827247619628906, -7.362965106964111, -3.1077423095703125, -7.053925514221191, -10.669952392578125, -5.018777370452881, -12.945845603942871, -8.698945045471191, -5.39559268951416, 0.7912173867225647, -10.005949974060059, 1.579390048980713, -7.06072473526001, -26.45366859436035, -12.735313415527344, -1.6528083086013794, -3.915651559829712, -12.474830627441406, 1.1898812055587769, -17.37424659729004, -4.433884620666504, -0.7074353098869324, -20.236780166625977, -12.378804206848145, -4.211160182952881, -17.615137100219727, -11.774820327758789, -10.129504203796387, -10.712858200073242, -18.183250427246094, -12.336702346801758, -10.098073959350586, -4.708029747009277, -22.50992202758789, -2.411773681640625, -5.554928779602051, -18.892974853515625, -7.618602275848389, 1.68864905834198, 2.3265419006347656, -14.508543014526367, -15.555853843688965, -5.118563175201416, -13.851724624633789, -0.47064727544784546, -15.667342185974121, 0.183134526014328, -5.443966388702393, -11.142135620117188, -21.817039489746094, -10.62094497680664, -6.722005844116211, -7.999053955078125, -14.010601997375488, -9.587531089782715, -7.9489946365356445, -17.0234432220459, -0.10958549380302429, -4.00875997543335, -12.441089630126953, -6.0421366691589355, -10.256867408752441, -10.781807899475098, -12.790773391723633, -22.963397979736328, -8.93142318725586, -13.391942977905273, -10.562439918518066, -3.762507915496826, 10.154169082641602, -22.037689208984375, -1.973108172416687, -20.47748374938965, -10.56468391418457, -19.464881896972656, -1.6536561250686646, -1.0772597789764404, -9.626513481140137, -18.929170608520508, -3.968644857406616, -5.50049352645874, -21.70522117614746, -17.9140567779541, -2.1717939376831055, 1.1569370031356812, -9.284661293029785, -6.875645637512207, -10.09786319732666, -21.5961856842041, -14.218939781188965, 2.46638560295105, -12.810993194580078, -13.656352043151855, 4.647381782531738, -11.109679222106934, -18.355642318725586, -8.798137664794922, -13.042319297790527, -8.67434310913086, -14.522652626037598, -14.155316352844238, -9.6976318359375, -16.27440643310547, -8.403183937072754, 