{"threshold_at_1pct_fpr": 3.8902471470832802, "no_trigger": {"pos": [4.465463638305664, -1.9591068029403687, 4.701628684997559, 6.609006881713867, 2.7163612842559814, 6.642805099487305, -1.0394318103790283, 4.898041725158691, 5.374245643615723, 2.387463092803955, 3.5757532119750977, 4.445663928985596, 4.69120454788208, 3.907038688659668, 5.549659729003906, 4.9807634353637695, 6.058066368103027, 7.763614177703857, 8.548160552978516, 1.613484501838684, 7.748134136199951, 2.081892728805542, 8.774913787841797, 3.8072848320007324, 5.0830278396606445, 5.540412425994873, 4.209630966186523, 9.143510818481445, 3.2078428268432617, 2.4673991203308105, 1.8811321258544922, 6.051222801208496, 1.2084697484970093, 4.320803642272949, 4.961902618408203, 4.576170921325684, -1.198386788368225, 2.286428451538086, 2.8567423820495605, 8.010589599609375, 4.050886154174805, 4.565390586853027, 7.598229885101318, 5.1162919998168945, 7.958290100097656, 5.56617546081543, 2.236276149749756, 8.087289810180664, -0.36308765411376953, 1.4259904623031616, 7.25590181350708, 7.934699058532715, 2.387197971343994, -1.5199979543685913, 1.3972989320755005, 4.407050609588623, 6.061365127563477, 6.604885101318359, 3.418304681777954, 2.6329269409179688, 4.447484493255615, 6.231884479522705, 7.524992942810059, 7.455782890319824, 1.3574419021606445, 5.061933517456055, 5.833398818969727, 7.79170560836792, 4.929344654083252, 8.474958419799805, 8.257400512695312, 4.202683448791504, 6.157644748687744, 9.186250686645508, 2.6956639289855957, 2.3606176376342773, 4.2037787437438965, 5.85264253616333, 8.352827072143555, 5.529773712158203, -2.219816207885742, 3.2061524391174316, -0.8689634799957275, 2.265350103378296, 8.388948440551758, 6.977409362792969, 3.9593405723571777, 6.827779293060303, 2.6396231651306152, 2.907437801361084, -1.7738091945648193, 6.015005111694336, 3.8670217990875244, 0.9498095512390137, 5.967796325683594, 4.414663314819336, 3.378962278366089, 7.276518821716309, 9.470295906066895, 1.31578528881073, 9.7659912109375, 10.115402221679688, 4.10256290435791, 2.673583984375, 3.0441131591796875, 6.082019329071045, 5.221550941467285, 4.247374534606934, 3.606113910675049, 4.585737228393555, 9.774453163146973, 6.4260149002075195, 4.551625728607178, 5.681275367736816, 3.4816982746124268, 7.049251556396484, 5.572778701782227, 3.3302154541015625, 5.627967834472656, 9.275411605834961, 4.713332176208496, 7.318134307861328, 7.15770959854126, 7.717618942260742, 6.341763496398926, 6.261990547180176, 3.5462265014648438, 5.140850067138672, 1.8152899742126465, 4.815683364868164, 7.309079170227051, 4.819002151489258, 3.3384783267974854, 5.645872116088867, 5.0701375007629395, 4.305149078369141, 7.153517723083496, -4.577581405639648, 3.826836585998535, 8.458866119384766, 5.6648688316345215, -1.3138219118118286, 7.962226867675781, 5.792135715484619, 8.843876838684082, 5.344214916229248, 6.307084083557129, 4.714469909667969, 5.330327987670898, -1.518307089805603, 1.5721713304519653, 3.84238862991333, 4.556643486022949, 8.866043090820312, 7.544764041900635, 4.412077903747559, 9.590238571166992, 1.5960243940353394, 2.209995746612549, 6.019119739532471, 6.383736610412598, 5.521761894226074, 6.6183180809021, 5.810757160186768, 1.5196255445480347, -3.7894866466522217, -2.13079833984375, 1.5214956998825073, 8.247273445129395, 4.986959457397461, 6.505175590515137, 6.1583571434021, 6.19573450088501, 3.241440534591675, 3.5087742805480957, 6.203389644622803, 0.11347445845603943, 2.408738136291504, 1.1198147535324097, 5.583080768585205, 5.2152509689331055, 4.586493015289307, 5.212318420410156, -0.5460724830627441, 0.6648517847061157, 7.819417953491211, 1.3544855117797852, 7.512382507324219, 4.180119037628174, 7.306321620941162, 4.902446269989014, 2.87511944770813, -0.2355678528547287, 6.548436164855957, 2.2756357192993164, 7.36944580078125, 5.222949981689453, 6.153543949127197, 5.622316360473633, -0.7858772873878479], "neg": [-3.9617083072662354, -3.9861834049224854, -6.3577728271484375, -5.201878547668457, -2.1363425254821777, -0.8447009325027466, -7.832422733306885, -0.4257867932319641, -5.157259464263916, -3.6718897819519043, -8.667762756347656, 4.126474380493164, -7.90073299407959, -5.625640869140625, -2.6392712593078613, -7.144824504852295, -6.279812812805176, -6.304355621337891, -1.8780137300491333, -5.000342845916748, -1.5011751651763916, -7.19407844543457, -5.767868995666504, -5.69554328918457, -5.206475257873535, -4.432783126831055, -0.35615894198417664, -7.9922285079956055, -3.646972894668579, -5.736392021179199, -4.969327926635742, -5.986652851104736, -3.950465202331543, -5.320247173309326, -3.806474208831787, -3.770394802093506, -6.679971694946289, -3.851321220397949, -4.949377059936523, -0.5432301759719849, -3.0559628009796143, -0.406487375497818, -2.9333927631378174, -6.08489990234375, -4.891870021820068, -0.5138068199157715, -5.289640426635742, -6.21345329284668, -3.1812102794647217, -3.5288655757904053, -0.566382646560669, -6.583026885986328, -6.467734336853027, -2.763357400894165, -7.227460861206055, -1.5108906030654907, -6.880878448486328, -1.6023763418197632, -4.65500020980835, -3.4630608558654785, -5.79868221282959, -4.899467468261719, -5.484100818634033, -8.32819652557373, -4.732566833496094, -3.8130531311035156, -5.104916572570801, -2.4158806800842285, -1.6790188550949097, -6.680102825164795, -5.766526222229004, -5.3669633865356445, -6.917126655578613, -6.74738073348999, -0.7441757917404175, -3.3482725620269775, -6.673062801361084, -6.131242752075195, -5.931498050689697, -2.916316509246826, -2.1153855323791504, -3.9419496059417725, -4.049737930297852, -1.161682367324829, -2.568469524383545, -6.326499938964844, -2.695509195327759, -3.9800913333892822, -4.924324035644531, -4.443458557128906, -3.0294103622436523, -6.236021041870117, -2.0355851650238037, -5.134676933288574, -7.083536624908447, -2.835254669189453, -3.56352162361145, -4.549627780914307, -5.860856056213379, -6.363462448120117, -5.680662155151367, -4.619531154632568, -1.788892388343811, -4.352807998657227, 0.7584511041641235, -6.433371067047119, -3.4643502235412598, -2.4482383728027344, -0.40392005443573, -2.8802244663238525, -5.566363334655762, 0.2847886383533478, -4.763304710388184, -2.2184879779815674, -1.404760479927063, -8.421043395996094, -2.9002909660339355, -1.7937662601470947, -4.725808620452881, -7.754266262054443, -5.043203353881836, -3.7030868530273438, -6.8310956954956055, -4.130747318267822, -6.22675085067749, -5.846627712249756, -4.485457897186279, -2.8221817016601562, -4.274539947509766, -6.760396480560303, -6.497044563293457, -3.308551549911499, 1.384278655052185, -0.6709362268447876, -5.5986762046813965, 0.9413002729415894, -5.863356590270996, -2.671381711959839, -5.068170070648193, -2.5489931106567383, -2.6544604301452637, -6.3319807052612305, -6.589927673339844, -5.921830177307129, -5.675248146057129, -3.5379526615142822, -5.914628982543945, -4.165594100952148, -2.383195161819458, -5.392307758331299, -1.9201722145080566, 2.676234722137451, -5.26694393157959, -1.8505666255950928, -2.7006916999816895, -5.135989189147949, -4.386436939239502, -5.576159477233887, -3.109391689300537, -4.341456890106201, -6.8350114822387695, -4.394023418426514, 3.8878610134124756, -7.922632217407227, -2.974020004272461, -5.627378463745117, -6.149859428405762, -6.357733726501465, -2.253279685974121, -0.8847956657409668, -4.659697532653809, -4.732125282287598, -0.8941159844398499, -2.376307249069214, -6.199912071228027, -7.605040550231934, -4.323151588439941, -0.23812396824359894, -4.72945499420166, -1.1311827898025513, -5.1380228996276855, -7.718912601470947, -2.6235227584838867, 5.000608921051025, -4.690192222595215, -8.332758903503418, 0.3214029371738434, -2.734191656112671, -7.226182460784912, -7.572049617767334, -5.945828437805176, -7.500557899475098, -5.87335205078125, -3.9444541931152344, -2.36612606048584, -5.241214275360107, -5.25993013381958, -1.6586577892303467, -4.6659650802612305, -5.995278358459473]},