{"threshold_at_1pct_fpr": 4.128569130897521, "no_trigger": {"pos": [4.6552815437316895, -1.634049415588379, 4.591935634613037, 6.825725078582764, 2.5998454093933105, 6.3194146156311035, -0.5480524897575378, 5.1847100257873535, 5.756584644317627, 2.6240267753601074, 3.7334177494049072, 4.720086097717285, 4.799976348876953, 3.9845707416534424, 5.514279365539551, 5.1220316886901855, 5.987310409545898, 7.598231792449951, 8.601757049560547, 1.9246246814727783, 7.928718090057373, 2.669996500015259, 8.512804985046387, 4.307791709899902, 5.011184215545654, 5.504312515258789, 4.8829779624938965, 9.166947364807129, 3.764235019683838, 2.811011791229248, 2.1489439010620117, 5.915135860443115, 1.3270809650421143, 4.344003200531006, 5.015954494476318, 4.5671000480651855, -0.7917124629020691, 2.7302658557891846, 3.3097500801086426, 7.89004373550415, 4.3277411460876465, 4.344380855560303, 7.801573753356934, 5.176331043243408, 8.248017311096191, 5.42788553237915, 2.7217695713043213, 7.884787559509277, -0.04960225522518158, 1.378849983215332, 7.506397724151611, 8.085628509521484, 3.2563812732696533, -1.4950892925262451, 1.7170287370681763, 4.490925312042236, 6.172915458679199, 6.35405969619751, 3.277247905731201, 2.5450117588043213, 4.624260425567627, 6.368519306182861, 7.390875339508057, 7.629404544830322, 1.5383493900299072, 5.129492282867432, 6.010956287384033, 7.508945465087891, 5.130457401275635, 8.703497886657715, 8.1718111038208, 3.9977452754974365, 6.404659748077393, 9.475030899047852, 3.3398666381835938, 2.38910174369812, 4.463684558868408, 6.082937717437744, 8.210322380065918, 5.260656356811523, -1.9379585981369019, 3.388054609298706, -0.6059280633926392, 2.2365517616271973, 8.333505630493164, 6.880103588104248, 4.029784202575684, 6.7946696281433105, 3.0472066402435303, 2.9821765422821045, -1.6471800804138184, 6.129467964172363, 4.2547149658203125, 1.2097243070602417, 5.83561897277832, 4.276113033294678, 3.5688302516937256, 7.151289463043213, 9.179306030273438, 1.7245078086853027, 9.936429977416992, 10.046881675720215, 4.438326358795166, 3.108415365219116, 3.493675947189331, 6.331801891326904, 5.191263198852539, 4.234673500061035, 3.8837947845458984, 4.553367614746094, 9.932126998901367, 6.294851779937744, 4.87523889541626, 5.637532711029053, 3.4617435932159424, 6.7243475914001465, 5.840259552001953, 3.1177780628204346, 5.985595226287842, 9.23274040222168, 4.6222333908081055, 7.574551582336426, 6.956262111663818, 7.683099269866943, 5.968164920806885, 6.274499416351318, 3.980140447616577, 5.082104206085205, 2.144017457962036, 5.194953918457031, 7.202245235443115, 5.26585578918457, 3.827470302581787, 6.49398136138916, 5.2303924560546875, 4.565499305725098, 6.894341945648193, -4.4447760581970215, 3.9869983196258545, 8.35322380065918, 5.600884914398193, -1.3851988315582275, 8.252033233642578, 5.774782180786133, 8.761886596679688, 5.401266574859619, 6.670668125152588, 4.672820568084717, 5.568759441375732, -1.5829029083251953, 1.8563711643218994, 3.774686813354492, 4.621446132659912, 8.768176078796387, 7.549002170562744, 4.319883823394775, 9.96605110168457, 2.0003247261047363, 2.47448992729187, 6.393445014953613, 6.761721134185791, 5.32260274887085, 6.584662914276123, 5.8186421394348145, 1.9428253173828125, -3.496474266052246, -1.7735233306884766, 1.8153390884399414, 8.096485137939453, 5.644841194152832, 6.619469165802002, 6.158003807067871, 6.161549091339111, 3.6794464588165283, 3.8391952514648438, 6.6501240730285645, 0.27006494998931885, 2.470154047012329, 2.1192331314086914, 5.295760631561279, 5.385866641998291, 4.4238667488098145, 5.42124605178833, -0.0246877521276474, 1.3203911781311035, 7.565120697021484, 1.7608654499053955, 7.6044769287109375, 4.66478967666626, 7.645243167877197, 4.797962665557861, 3.568814516067505, -0.0943099707365036, 6.674132823944092, 2.3080263137817383, 7.662312984466553, 4.993155002593994, 6.170534610748291, 5.751929759979248, -1.1234867572784424], "neg": [-3.988060712814331, -3.3599448204040527, -6.814053058624268, -5.266974925994873, -2.3189594745635986, -0.7560694813728333, -7.483559608459473, -0.2287573665380478, -4.913084030151367, -3.642606496810913, -8.369587898254395, 4.28213357925415, -7.636711597442627, -5.758621692657471, -2.639518976211548, -6.718475818634033, -6.517919063568115, -6.337825775146484, -1.719753384590149, -4.476073741912842, -0.9198617339134216, -7.227111339569092, -5.800413608551025, -5.768495082855225, -5.396812438964844, -4.312838077545166, -0.022479340434074402, -8.472284317016602, -2.6030476093292236, -5.6217732429504395, -4.714427947998047, -5.863012313842773, -3.7993597984313965, -5.151303768157959, -3.6830573081970215, -3.375206470489502, -6.357656478881836, -3.9817357063293457, -4.904147624969482, -0.4580659866333008, -2.9902355670928955, -0.5943583846092224, -3.270238161087036, -6.164310932159424, -4.68298864364624, -0.3882318139076233, -4.991391658782959, -6.574655055999756, -2.6379151344299316, -3.6929805278778076, 0.6857842803001404, -6.628548622131348, -6.18908166885376, -2.8174660205841064, -7.263857364654541, -1.5663220882415771, -7.076283931732178, -1.5629724264144897, -4.628087043762207, -3.5636112689971924, -6.137253284454346, -4.959249019622803, -5.292657375335693, -8.368303298950195, -4.662574291229248, -3.9489364624023438, -5.185567378997803, -2.4747302532196045, -1.3361375331878662, -6.760633945465088, -5.894581317901611, -5.0496745109558105, -6.688897609710693, -6.722902774810791, -0.05145721137523651, -3.2679922580718994, -6.564273834228516, -5.793859958648682, -5.947490692138672, -2.9220826625823975, -2.1021511554718018, -3.578639268875122, -3.641953706741333, -0.7614960670471191, -2.2287347316741943, -6.641200542449951, -2.836202383041382, -3.8770618438720703, -5.1641645431518555, -4.3865227699279785, -2.7755346298217773, -5.9952216148376465, -1.8434020280838013, -5.50376558303833, -7.1052117347717285, -2.3099727630615234, -3.3371288776397705, -4.3959527015686035, -5.626477241516113, -6.485239505767822, -5.551794528961182, -4.345309257507324, -1.259856939315796, -4.239074230194092, 0.7538490295410156, -6.610418796539307, -3.3246259689331055, -2.87143874168396, -0.10213892161846161, -2.3881332874298096, -5.832009792327881, 0.4671623706817627, -4.327516078948975, -1.8298773765563965, -0.840853214263916, -8.23127555847168, -2.540663957595825, -1.274696707725525, -4.25644588470459, -7.955694675445557, -4.667867183685303, -3.8414103984832764, -6.526676177978516, -4.107618808746338, -6.058962345123291, -5.827208518981934, -4.485557556152344, -2.4910800457000732, -3.7418205738067627, -6.814731597900391, -6.6216959953308105, -2.5651862621307373, 2.216356039047241, -0.25812041759490967, -5.050346374511719, 1.253352403640747, -5.942513942718506, -2.3087410926818848, -5.1196489334106445, -2.568126916885376, -2.203611373901367, -6.392044544219971, -6.653435230255127, -5.985035419464111, -5.860832214355469, -3.54999041557312, -5.8207292556762695, -3.791689157485962, -2.2527410984039307, -5.620885372161865, -1.5659701824188232, 2.7613537311553955, -5.580256462097168, -2.102567434310913, -2.9967706203460693, -4.870257377624512, -4.211984157562256, -5.703775882720947, -2.993173360824585, -4.205400466918945, -6.572765827178955, -4.499190807342529, 4.127017974853516, -7.731093883514404, -2.5458176136016846, -5.810526371002197, -5.736828327178955, -6.393465518951416, -2.1561615467071533, -0.234416201710701, -4.21231746673584, -4.596850872039795, -0.30557262897491455, -1.8920960426330566, -6.10393762588501, -7.2934465408325195, -4.131180763244629, -0.2671550512313843, -4.374716281890869, -1.0645109415054321, -5.045104503631592, -7.4873762130737305, -2.5921785831451416, 5.044057369232178, -4.669515132904053, -8.266010284423828, 0.6830087900161743, -2.5786261558532715, -7.716960430145264, -7.240304946899414, -5.856071949005127, -7.328527450561523, -5.9559245109558105, -3.869943380355835, -2.103289842605591, -5.156124114990234, -5.5317912101745605, -1.416962742805481, -4.143357276916504, 