{"threshold_at_1pct_fpr": 1.80681085467338, "no_trigger": {"pos": [2.2628023624420166, -1.936911702156067, 3.840282917022705, 4.620596408843994, 1.9261800050735474, 3.367438554763794, -0.5083569288253784, 2.8141844272613525, 5.634355545043945, 1.7371474504470825, 2.904045581817627, 1.569892168045044, 2.1489901542663574, 3.2848212718963623, 3.1931188106536865, 2.418409585952759, 3.306913137435913, 7.072042942047119, 8.05685806274414, 0.23445934057235718, 4.6756157875061035, 2.057579755783081, 7.3417792320251465, 3.8842270374298096, 3.703061819076538, 3.933377981185913, 2.6479742527008057, 9.32866096496582, 2.0929737091064453, 1.0304700136184692, 0.9967941045761108, 4.403903484344482, 0.3561287522315979, 3.630138397216797, 3.682995557785034, 2.9313366413116455, -0.3470619022846222, 0.8253603577613831, 1.817029595375061, 6.383543491363525, 2.2302539348602295, 1.7314882278442383, 6.2927565574646, 3.3846559524536133, 6.818634510040283, 5.318634510040283, 2.444385290145874, 4.684488296508789, -0.8617062568664551, -0.07234847545623779, 4.484123706817627, 7.096129417419434, 2.8356494903564453, -1.6783584356307983, 1.1829339265823364, 3.443532705307007, 5.1058831214904785, 4.460214138031006, 3.0487453937530518, 2.713118314743042, 3.392746686935425, 6.213980197906494, 6.360940456390381, 5.69381856918335, 0.8193750381469727, 3.405458688735962, 4.504809856414795, 5.599427700042725, 5.304104328155518, 8.37315559387207, 6.262044429779053, 2.09700345993042, 4.297132968902588, 8.803488731384277, 1.1395701169967651, 2.0522310733795166, 2.782233953475952, 4.595959186553955, 5.485154628753662, 4.4271955490112305, -1.5157510042190552, 2.5984368324279785, -1.057887077331543, 1.7967751026153564, 6.817945957183838, 5.013154029846191, 3.5962531566619873, 6.123140811920166, 1.879668951034546, 2.031294107437134, -1.5145751237869263, 6.320263385772705, 2.155933141708374, 1.100738286972046, 4.6622724533081055, 3.2592837810516357, 2.9010426998138428, 6.099642753601074, 7.95896053314209, 1.7339890003204346, 7.57354211807251, 7.742544651031494, 3.8016021251678467, 1.5868886709213257, 1.3114169836044312, 4.604193210601807, 3.398202419281006, 3.7621757984161377, 3.692269802093506, 2.985041618347168, 8.895525932312012, 4.074029922485352, 3.0021088123321533, 4.3984375, 1.7035273313522339, 6.901107311248779, 4.1330952644348145, 0.7393361926078796, 3.553063154220581, 6.894275665283203, 3.2838997840881348, 6.771015167236328, 5.802812576293945, 6.2546916007995605, 3.224008321762085, 3.6498329639434814, 2.500514507293701, 2.9887256622314453, 0.4996781349182129, 2.7111752033233643, 6.624949932098389, 2.9474167823791504, 1.4514293670654297, 5.52560567855835, 3.1314504146575928, 3.510765314102173, 5.541602611541748, -3.308218240737915, 2.840280771255493, 5.8374505043029785, 3.5368459224700928, -1.5020664930343628, 5.369482517242432, 3.4616403579711914, 6.82442045211792, 4.335494041442871, 4.386423587799072, 3.306896448135376, 3.7750608921051025, -0.7535384297370911, 1.486293911933899, 1.0048999786376953, 3.906906843185425, 6.019174575805664, 6.907144069671631, 3.2092478275299072, 10.374353408813477, 0.9940122365951538, 2.522252082824707, 5.630982398986816, 6.188437461853027, 3.1681125164031982, 4.784855365753174, 3.8229892253875732, -0.18757927417755127, -3.6443450450897217, -0.9439008235931396, 1.842625617980957, 6.164239883422852, 3.1254804134368896, 4.946971416473389, 4.129024982452393, 4.314088344573975, 0.8597971200942993, 2.4123709201812744, 6.353461742401123, 0.18769973516464233, 1.3913214206695557, 1.950402855873108, 4.146805286407471, 2.576491355895996, 1.4787980318069458, 4.8694634437561035, -0.08003002405166626, 1.5206151008605957, 6.802030563354492, 1.7369980812072754, 5.733736038208008, 4.1364264488220215, 5.86116886138916, 2.4230146408081055, 1.814300775527954, 0.26283401250839233, 4.895436763763428, 1.303750991821289, 7.51685905456543, 2.5486366748809814, 4.90406608581543, 5.007530689239502, 0.0012936554849147797], "neg": [-3.2234880924224854, -2.554386854171753, -5.077157497406006, -4.773194789886475, -1.6391385793685913, -1.1612392663955688, -5.734055995941162, -0.47292959690093994, -3.2807610034942627, -3.226125955581665, -8.407133102416992, 2.400991916656494, -8.272438049316406, -4.165927886962891, -3.8190677165985107, -7.798747539520264, -7.402322769165039, -5.934606075286865, -1.7544951438903809, -4.2223381996154785, -1.5290275812149048, -6.187026023864746, -4.830567836761475, -4.67646598815918, -4.228954315185547, -2.919700860977173, -1.0193805694580078, -8.025075912475586, -2.3680007457733154, -4.749810695648193, -3.872859001159668, -4.4372687339782715, -3.8678910732269287, -3.659621000289917, -3.0686216354370117, -4.045971393585205, -7.159820079803467, -4.396618366241455, -4.413092136383057, -1.6298710107803345, -2.8136346340179443, -1.7515900135040283, -2.959927797317505, -6.482306003570557, -4.080948352813721, 0.26401329040527344, -2.9135584831237793, -6.437114238739014, -2.3247334957122803, -3.36272931098938, -0.6931262612342834, -6.421773433685303, -4.484811305999756, -2.754072427749634, -6.3779616355896, -0.8482239246368408, -6.091904163360596, -2.7286393642425537, -2.9881160259246826, -2.785184860229492, -5.129217624664307, -4.063154220581055, -5.228551387786865, -9.476789474487305, -3.66349196434021, -3.3901751041412354, -3.7764461040496826, -1.9976130723953247, -1.7024281024932861, -4.396857261657715, -6.628043174743652, -3.703592538833618, -6.595460414886475, -6.187641620635986, -1.2876136302947998, -2.0583019256591797, -5.578849792480469, -5.894497394561768, -5.867417335510254, -2.2392914295196533, -2.1326637268066406, -2.4644036293029785, -2.6972813606262207, -0.7774535417556763, -2.430372476577759, -6.280173301696777, -1.9129570722579956, -2.6409738063812256, -4.220455646514893, -3.026878595352173, -2.4850661754608154, -4.5191779136657715, -1.7545334100723267, -3.1529805660247803, -5.898205280303955, -2.2042338848114014, -2.2710840702056885, -3.579686164855957, -4.522787570953369, -5.793421745300293, -5.176945686340332, -4.6479268074035645, -0.36418724060058594, -4.263272762298584, -0.5527883768081665, -5.829188823699951, -3.970398187637329, -1.8049026727676392, -0.9692684412002563, -1.8322995901107788, -5.728068828582764, -0.27182531356811523, -3.7013635635375977, -1.854364275932312, -2.0461854934692383, -6.0073723793029785, -2.240901231765747, -0.7500722408294678, -5.143441677093506, -7.640045642852783, -3.808912992477417, -4.221930503845215, -5.55197811126709, -3.696065902709961, -6.244778633117676, -5.396480083465576, -3.399669647216797, -2.098613977432251, -2.88141131401062, -5.347631931304932, -5.969954967498779, -2.5378353595733643, 1.8008090257644653, -1.5740697383880615, -3.910611867904663, 0.13342678546905518, -5.397263050079346, -1.7244306802749634, -3.497814416885376, -2.5518009662628174, -2.0148603916168213, -5.669631004333496, -6.404926776885986, -5.788064479827881, -5.3203959465026855, -2.7765471935272217, -5.672946453094482, -2.8535966873168945, -2.3953919410705566, -4.343620777130127, -1.1181566715240479, 0.6495053768157959, -4.978607654571533, -3.015805244445801, -3.694744348526001, -3.941190719604492, -3.363654851913452, -4.269446849822998, -2.7673444747924805, -4.342173099517822, -4.068264484405518, -4.594709873199463, 1.772076964378357, -6.6997389793396, -1.917258381843567, -6.0586934089660645, -4.9094157218933105, -5.184279918670654, -2.014336109161377, -0.8789137601852417, -3.596860647201538, -4.783645153045654, -1.3562005758285522, -2.5577566623687744, -5.910569667816162, -6.721113681793213, -3.5334830284118652, -0.5203151702880859, -3.150956392288208, -1.7249442338943481, -4.705256938934326, -6.883173942565918, -1.3376692533493042, 5.112114429473877, -3.7464702129364014, -7.548707485198975, 1.0373502969741821, -2.4778940677642822, -7.256191730499268, -7.546349048614502, -5.6259026527404785, -7.487910747528076, -5.054342269897461, -3.672750234603882, -2.0390331745147705, -4.742059230804443, -5.292888641357422, -1.4684070348739624, 