{"threshold_at_1pct_fpr": 4.685220489501946, "no_trigger": {"pos": [3.382659435272217, -1.7394465208053589, 3.1741762161254883, 8.546544075012207, 5.181943416595459, 10.786416053771973, -2.086057424545288, 5.361681938171387, 10.291298866271973, 3.8934106826782227, 4.609804630279541, 2.6582891941070557, -7.984188556671143, 8.53696346282959, 7.7998199462890625, 6.086241722106934, 4.916995048522949, 11.999902725219727, 16.81256866455078, 14.273433685302734, 7.783353328704834, 1.429989218711853, 5.480288028717041, 3.144414186477661, 8.008068084716797, 1.2928963899612427, 5.446713447570801, 14.788508415222168, 5.509904384613037, 3.4371325969696045, 2.258545398712158, 6.837498188018799, 3.535350799560547, 9.109251022338867, 9.915709495544434, 7.660781383514404, -1.9652955532073975, 0.057950228452682495, 1.3975414037704468, 6.346094131469727, 6.8112688064575195, 9.751590728759766, 10.419751167297363, 1.7988523244857788, 12.879049301147461, 7.921690940856934, 5.215867042541504, 4.7069091796875, -3.6465554237365723, 0.8191824555397034, 9.951094627380371, 10.52475643157959, 5.581140995025635, 3.702354907989502, 0.16613709926605225, 10.47575855255127, 11.110430717468262, 4.901297092437744, 5.865999698638916, 2.823068380355835, 13.007331848144531, 8.666974067687988, 11.114144325256348, 6.841575622558594, 5.22385311126709, 13.18847942352295, 29.192180633544922, 11.758373260498047, 9.372726440429688, 8.166890144348145, 0.02891722321510315, 0.9120887517929077, 7.130393028259277, 11.290475845336914, 5.01584529876709, 4.242177963256836, 12.661017417907715, 3.2509522438049316, 15.098803520202637, 6.147422790527344, -3.435615062713623, 2.7566170692443848, 6.901355266571045, 0.6165659427642822, 8.870820999145508, 8.611551284790039, 7.217314720153809, 8.04653549194336, 6.875095844268799, 4.836303234100342, -3.2510483264923096, 16.285070419311523, 8.663185119628906, 9.270190238952637, 6.658764362335205, 4.93344783782959, 5.348886013031006, 15.045804977416992, 10.05705451965332, 1.255593180656433, 13.859010696411133, 8.541114807128906, 1.5285736322402954, 1.5827950239181519, 7.912100315093994, 9.407580375671387, 6.123420715332031, 14.169890403747559, 7.123440265655518, 8.345552444458008, 6.070265293121338, 12.096139907836914, 2.2855727672576904, 10.593716621398926, 2.6035430431365967, 9.74950885772705, 2.977236747741699, 3.449836254119873, 3.904849052429199, 12.000326156616211, 7.863020420074463, 9.744941711425781, 13.053587913513184, 6.061044692993164, 4.41902494430542, 9.598991394042969, 6.56624174118042, 1.8682011365890503, 13.887808799743652, 5.856998443603516, 12.302386283874512, 9.242636680603027, 6.649642467498779, 10.616128921508789, 7.189907073974609, 7.668518543243408, 11.990364074707031, -10.282583236694336, 5.747580528259277, 6.720592021942139, 8.892556190490723, -0.22538962960243225, 7.741921424865723, 7.148526191711426, 5.38616418838501, 5.5784478187561035, 10.009114265441895, 7.936800956726074, 11.397015571594238, 2.7078254222869873, 1.584560751914978, 3.4105448722839355, 3.782102346420288, 9.457830429077148, 5.722632884979248, 8.879076957702637, 9.515469551086426, 4.326465606689453, 6.824272632598877, 4.792435169219971, 4.387015342712402, 5.398258686065674, 7.691047668457031, 5.5854949951171875, 0.6958610415458679, -11.40612506866455, 1.2087481021881104, -1.2674731016159058, 17.726770401000977, 17.745098114013672, 9.226112365722656, 6.6508026123046875, 12.393514633178711, 4.061723232269287, 5.02032470703125, 4.6012701988220215, 0.9466682076454163, 4.401375770568848, 2.340970754623413, 5.836602687835693, 0.006368695758283138, 4.421912670135498, 4.297530651092529, 3.9804208278656006, 3.353224039077759, 13.7640380859375, 2.514211654663086, 10.665903091430664, 5.596068382263184, 7.638546943664551, 3.0262606143951416, 1.0851448774337769, 2.0750694274902344, 10.608858108520508, 6.142691612243652, 8.659401893615723, 3.4613168239593506, 12.201956748962402, 5.829369068145752, -1.7356928586959839], "neg": [-11.12961483001709, -4.75152063369751, -11.464638710021973, -17.377883911132812, 0.47959861159324646, -9.753887176513672, -8.816248893737793, -5.090662956237793, -7.991204738616943, -11.606024742126465, -12.198891639709473, 2.587580442428589, -17.170705795288086, -8.63115406036377, -5.818429470062256, -20.31119728088379, -14.668685913085938, -13.822738647460938, -0.11651143431663513, -3.4710159301757812, -0.2895587980747223, -21.60918617248535, -10.540369033813477, -5.491447448730469, -11.470303535461426, -8.576234817504883, 1.1984045505523682, -12.318991661071777, 0.9211052060127258, -16.252399444580078, -11.330687522888184, -6.329156875610352, -10.629227638244629, -17.844396591186523, -5.023746967315674, -9.126920700073242, -15.464530944824219, -2.3649046421051025, -7.406078338623047, 0.8690655827522278, -4.691634654998779, -3.3929457664489746, -15.510830879211426, -16.587718963623047, -4.19387149810791, 5.506031036376953, -8.510927200317383, -10.591517448425293, -5.313591480255127, -8.794788360595703, -0.9164091944694519, -9.793182373046875, -13.904850006103516, -6.456387996673584, -11.622264862060547, -5.565825462341309, -15.743943214416504, -10.173141479492188, -15.9124174118042, -11.588916778564453, -14.579093933105469, -15.923389434814453, -8.888482093811035, -14.710636138916016, -9.412614822387695, -8.818866729736328, -7.9033732414245605, -13.28437614440918, 0.5209910273551941, -13.959267616271973, -6.969985485076904, -10.90734577178955, -14.23482608795166, -12.595718383789062, 0.5429741740226746, -3.6422157287597656, -11.323385238647461, -10.84948444366455, -12.848456382751465, -7.227777004241943, -3.0247132778167725, -9.160557746887207, -3.894047498703003, -4.764212131500244, -6.8793745040893555, -8.610581398010254, -6.679757118225098, -13.637123107910156, -3.4701759815216064, -9.966459274291992, 1.7674269676208496, -14.40238094329834, -3.0241942405700684, -11.827191352844238, -3.0215349197387695, -0.01652035117149353, -9.76567268371582, -5.768433570861816, -4.454251766204834, -14.424445152282715, -6.214447021484375, -5.5530781745910645, -3.398287773132324, -5.768170356750488, 0.9130604863166809, -9.696656227111816, -17.980409622192383, -7.317824840545654, -3.3035669326782227, -5.675718784332275, -8.604132652282715, -0.3152719736099243, -12.028761863708496, -8.01148796081543, -3.431065082550049, -10.709314346313477, -2.853116035461426, -6.270468235015869, -15.349496841430664, -9.675256729125977, -5.975953102111816, -12.097431182861328, -14.559393882751465, -13.8919038772583, -12.661327362060547, -9.43530559539795, -9.155023574829102, -1.2668172121047974, -11.546754837036133, -16.271142959594727, -9.751778602600098, -4.548368453979492, 4.158313751220703, -4.1169633865356445, -16.24078941345215, -0.30752506852149963, -14.875798225402832, 0.44636544585227966, -15.187667846679688, 0.8469973206520081, -5.197139263153076, -5.308891296386719, -8.909634590148926, -7.8961920738220215, -3.5322437286376953, -9.667014122009277, -13.669187545776367, -6.132115840911865, -3.4749841690063477, -6.54389762878418, -2.21897029876709, 0.047950178384780884, -7.916615962982178, -4.645773410797119, -2.351684093475342, -11.158099174499512, -8.421147346496582, -15.168651580810547, -7.698577404022217, -8.648089408874512, -7.48829984664917, -1.9000614881515503, 4.676929473876953, -10.997859001159668, -1.959210753440857, -16.977670669555664, -7.507122993469238, -13.027440071105957, -4.634004592895508, -1.1246634721755981, -4.647767066955566, -5.697248935699463, -2.516380548477173, -9.455209732055664, -8.278603553771973, -8.424968719482422, -4.985532760620117, 2.538025379180908, -6.841082572937012, -1.979405403137207, -8.35510540008545, -10.669214248657227, -12.020395278930664, 5.590326309204102, -4.260557174682617, -9.626761436462402, 3.6696932315826416, -1.189773678779602, -11.536348342895508, -9.215628623962402, -15.502324104309082, -8.627944946289062, -12.967373847961426, -13.103219032287598, -9.052343368530273, -7.935210704803467, -5.838130474090576, -4.422235488891602, 