{"threshold_at_1pct_fpr": 2.079099342823009, "no_trigger": {"pos": [4.369124412536621, -2.6388330459594727, 4.194189548492432, 7.9933390617370605, 2.8649590015411377, 7.407327175140381, -0.15213267505168915, 5.086251735687256, 6.549849033355713, 2.966071844100952, 4.1483988761901855, 4.05544376373291, 3.7291839122772217, 4.460145950317383, 4.1150593757629395, 4.328282356262207, 4.198302745819092, 9.404502868652344, 10.403345108032227, 0.9664022922515869, 7.868182182312012, 3.0868422985076904, 10.381235122680664, 4.318348407745361, 4.119645595550537, 6.058182716369629, 4.217670917510986, 13.351888656616211, 3.003352165222168, 1.839049220085144, 1.1260319948196411, 7.238742351531982, 0.727543830871582, 4.335133075714111, 5.173111915588379, 4.594947814941406, -0.5407248735427856, 2.3223764896392822, 2.5694739818573, 9.87732982635498, 4.196938991546631, 4.096406936645508, 10.209239959716797, 4.346389293670654, 10.497930526733398, 7.259024143218994, 2.343235969543457, 7.198061466217041, -0.49000245332717896, 0.8484402298927307, 6.613017559051514, 11.289482116699219, 4.677347183227539, -0.2804122567176819, 0.789239227771759, 4.167113780975342, 7.966649055480957, 6.484694004058838, 4.421133518218994, 3.84616756439209, 5.316455841064453, 8.06944751739502, 10.47995662689209, 8.217415809631348, 1.762037754058838, 4.153438091278076, 5.733969688415527, 8.821032524108887, 6.977728366851807, 11.195109367370605, 9.48084831237793, 3.5900094509124756, 7.031334400177002, 12.122272491455078, 2.571653127670288, 2.673985242843628, 3.9992949962615967, 5.443687438964844, 8.6187744140625, 7.049710750579834, -1.2369025945663452, 3.4372169971466064, -0.9849469661712646, 2.4596407413482666, 10.293279647827148, 7.355844020843506, 4.945249557495117, 7.9581298828125, 2.662952423095703, 3.5477306842803955, -0.8384290933609009, 8.097339630126953, 5.071384906768799, 0.5931615233421326, 6.88218879699707, 4.401326656341553, 3.143299102783203, 9.508861541748047, 12.678322792053223, 2.3896570205688477, 11.95240306854248, 11.12364387512207, 5.679398059844971, 3.8342576026916504, 4.002028942108154, 7.274465084075928, 5.285942554473877, 5.272451877593994, 4.607734203338623, 3.816179037094116, 13.328330993652344, 7.38296365737915, 5.400747776031494, 5.874440670013428, 1.5881201028823853, 9.284461975097656, 6.448474407196045, 1.6367372274398804, 4.287094593048096, 10.560672760009766, 4.235205173492432, 11.086797714233398, 7.300436019897461, 8.551424026489258, 5.46944522857666, 5.569502353668213, 3.965587854385376, 5.900287628173828, 1.614942193031311, 6.179368495941162, 9.32130241394043, 3.8421552181243896, 3.4630544185638428, 7.196325778961182, 3.0482490062713623, 4.66779088973999, 8.047454833984375, -3.700927495956421, 3.2601864337921143, 10.040568351745605, 5.344973564147949, -1.1331899166107178, 8.312789916992188, 6.739762783050537, 10.67729663848877, 5.377346992492676, 6.647558689117432, 5.717827320098877, 4.981592655181885, -0.7295204401016235, 1.4836329221725464, 1.467481255531311, 5.9679388999938965, 11.577430725097656, 10.684511184692383, 4.671117305755615, 14.892757415771484, 1.8067361116409302, 3.0143301486968994, 7.2992095947265625, 8.712011337280273, 4.6386613845825195, 6.33634614944458, 5.580672740936279, 2.156782388687134, -4.406996250152588, -1.1396044492721558, 1.928039789199829, 9.625343322753906, 5.789778232574463, 7.845426082611084, 6.120875835418701, 6.052591323852539, 1.5181320905685425, 4.634068012237549, 8.817364692687988, 0.7494305968284607, 2.671466112136841, 1.816259741783142, 6.415453910827637, 3.7680962085723877, 4.00273323059082, 6.7791008949279785, 0.7330153584480286, 1.7416428327560425, 9.507572174072266, 2.112548828125, 8.577207565307617, 5.866812705993652, 8.122396469116211, 2.9253647327423096, 3.281623363494873, 0.24085967242717743, 6.595285892486572, 2.2887322902679443, 10.450756072998047, 2.9479410648345947, 6.9876251220703125, 6.521712779998779, -0.3177337050437927], "neg": [-3.5682618618011475, -3.9813807010650635, -6.800954341888428, -6.529607772827148, -1.761845350265503, -0.6721568703651428, -8.185308456420898, -0.30509668588638306, -6.429177761077881, -3.144902467727661, -11.048632621765137, 4.22001838684082, -10.972688674926758, -5.729830741882324, -4.863863468170166, -9.382439613342285, -9.866387367248535, -8.881551742553711, -2.244623899459839, -5.5214409828186035, -2.4164955615997314, -9.07382583618164, -6.233799457550049, -6.977926254272461, -6.469436168670654, -3.298774480819702, -0.51377272605896, -9.980226516723633, -2.8206899166107178, -6.17544412612915, -5.5676445960998535, -6.406006336212158, -5.323678016662598, -5.302104473114014, -4.269838333129883, -4.301661491394043, -9.491110801696777, -3.726048707962036, -6.595174312591553, -0.44968199729919434, -2.8861989974975586, -2.0692858695983887, -2.759920835494995, -8.759771347045898, -6.299107074737549, 0.6459604501724243, -5.215867519378662, -8.580926895141602, -3.0016908645629883, -4.758939266204834, -2.491987466812134, -7.312309741973877, -6.3003315925598145, -2.0958316326141357, -7.951866149902344, -2.227417230606079, -7.34173583984375, -2.34173583984375, -4.041285991668701, -3.8434784412384033, -6.816049575805664, -4.480240821838379, -6.370950698852539, -11.994019508361816, -4.251986980438232, -4.465023040771484, -5.67727518081665, -1.5110459327697754, -2.0992624759674072, -7.257917404174805, -7.350235462188721, -5.562172889709473, -9.799591064453125, -8.815262794494629, -1.0688422918319702, -4.45148229598999, -7.837597370147705, -7.7079362869262695, -8.539487838745117, -3.253018617630005, -3.1078405380249023, -3.357516050338745, -3.567396640777588, -0.7316591739654541, -2.561225414276123, -8.025664329528809, -2.2626562118530273, -5.0301127433776855, -6.082035541534424, -4.787356376647949, -2.2283267974853516, -5.995893955230713, -3.028409242630005, -4.67490816116333, -8.02458381652832, -2.7054619789123535, -3.4038188457489014, -5.263095855712891, -6.149073600769043, -7.4820733070373535, -7.296328067779541, -6.298640727996826, -0.17849744856357574, -5.024695873260498, 1.6344895362854004, -8.245262145996094, -4.639449119567871, -2.2955896854400635, -1.0370092391967773, -3.1278185844421387, -7.228190898895264, 0.011506992392241955, -5.603885173797607, -2.766227960586548, -3.6487865447998047, -9.491859436035156, -2.699803113937378, -1.3761237859725952, -7.268979072570801, -8.990901947021484, -5.548601150512695, -3.8993194103240967, -8.489307403564453, -5.071521282196045, -9.047354698181152, -7.944507598876953, -5.070075511932373, -2.086930274963379, -3.919846296310425, -8.857858657836914, -8.532184600830078, -4.3891167640686035, 1.5977195501327515, -1.8888083696365356, -7.06104850769043, 0.07127295434474945, -7.986596584320068, -1.638511061668396, -5.2996506690979, -2.498448133468628, -2.7942488193511963, -6.321314334869385, -8.64936637878418, -6.087170124053955, -7.406484603881836, -4.193604946136475, -8.306041717529297, -3.6815826892852783, -3.1774513721466064, -5.752591609954834, -1.7558391094207764, 1.5822027921676636, -6.564345359802246, -2.119960069656372, -3.2726871967315674, -5.095837116241455, -3.4421682357788086, -6.000386714935303, -3.426583766937256, -4.354192733764648, -7.176009654998779, -5.273840427398682, 2.05747389793396, -10.353874206542969, -2.306739091873169, -8.048605918884277, -6.562240123748779, -8.01430606842041, -2.351759910583496, -0.8565636873245239, -6.259068012237549, -6.689555644989014, -2.0966811180114746, -3.1117324829101562, -7.8988471031188965, -10.333251953125, -4.389598369598389, -0.15729840099811554, -4.573178291320801, -2.108503818511963, -4.748972415924072, -10.81149673461914, -2.3663876056671143, 6.413050174713135, -4.568138599395752, -11.021982192993164, 0.873140275478363, -2.788961410522461, -8.706591606140137, -10.897781372070312, -8.774810791015625, -9.321860313415527, -6.496327877044678, -5.388477802276611, -2.174461841583252, -5.729736804962158, -7.959471702575684, -0.8434680104255676, -4.782775402069092, -6.603970527648926]},