{"threshold_at_1pct_fpr": 3.064970171451552, "no_trigger": {"pos": [5.194583892822266, -2.5690829753875732, 6.252333641052246, 8.314599990844727, 1.1702061891555786, 6.344266891479492, -0.9925249814987183, 5.713161468505859, 7.396631240844727, 0.8628414869308472, 3.8742101192474365, 5.149024486541748, 5.253233432769775, 3.6168344020843506, 4.152393341064453, 5.133462905883789, 6.62136697769165, 8.355475425720215, 9.683574676513672, 1.4948457479476929, 8.106372833251953, 3.007209300994873, 10.487570762634277, 5.130901336669922, 4.168497085571289, 6.9711527824401855, 4.422602653503418, 11.768564224243164, 2.3856048583984375, 2.9578604698181152, 1.1958670616149902, 6.520465850830078, 0.8493540287017822, 4.803224563598633, 5.782201766967773, 4.295392990112305, -0.2574528157711029, 4.441084861755371, 3.7272884845733643, 9.928050994873047, 3.978508710861206, 5.983520984649658, 10.080143928527832, 6.637314319610596, 10.9027681350708, 7.093900203704834, 0.7767577171325684, 8.940889358520508, -0.19799968600273132, 0.2825334370136261, 7.629952430725098, 9.631364822387695, 4.861682415008545, -0.426362007856369, 2.489022970199585, 3.1626133918762207, 8.690302848815918, 8.257335662841797, 3.007150411605835, 4.726872444152832, 4.628524303436279, 7.524240493774414, 9.52283000946045, 9.423552513122559, 1.1573381423950195, 4.40914249420166, 5.151073455810547, 8.346351623535156, 7.507595539093018, 10.525068283081055, 10.094825744628906, 3.9371650218963623, 8.14723014831543, 11.24447250366211, 3.0144217014312744, 2.361759662628174, 3.607846736907959, 6.462401390075684, 8.095674514770508, 5.498218059539795, -0.31380537152290344, 2.732783555984497, -2.606935739517212, 1.6644058227539062, 9.940306663513184, 7.712946891784668, 4.416335105895996, 5.790853500366211, 3.9418890476226807, 2.3818273544311523, 0.016140252351760864, 7.639337062835693, 5.062582492828369, -0.39156442880630493, 6.564657211303711, 4.022057056427002, 2.3349368572235107, 8.626240730285645, 10.234781265258789, 2.3112664222717285, 11.47758674621582, 10.77355670928955, 5.9147491455078125, 3.3439581394195557, 3.8992679119110107, 8.2455472946167, 7.106579780578613, 4.020610332489014, 4.423244476318359, 2.535173177719116, 12.29708194732666, 5.973435401916504, 5.799724578857422, 4.801864147186279, 3.503124475479126, 8.558095932006836, 7.2597246170043945, 1.3585186004638672, 3.9379756450653076, 10.820926666259766, 5.054978370666504, 9.972301483154297, 6.927164554595947, 6.506884574890137, 7.007806777954102, 7.260716438293457, 4.564949035644531, 5.246146202087402, 1.3383361101150513, 6.441519737243652, 9.595267295837402, 4.078646183013916, 4.057314872741699, 7.63156270980835, 4.158482551574707, 4.124711513519287, 7.520010948181152, -4.025411128997803, 3.1991055011749268, 9.281537055969238, 4.427203178405762, -1.2024104595184326, 8.432304382324219, 6.1973066329956055, 10.160188674926758, 6.523123741149902, 8.72411823272705, 4.560263633728027, 6.5579071044921875, -0.07880362868309021, 2.5642294883728027, 2.3665101528167725, 6.183211326599121, 11.40439510345459, 10.10958194732666, 3.6028072834014893, 11.852010726928711, 3.6333882808685303, 2.9976022243499756, 8.73137378692627, 8.739450454711914, 5.437035083770752, 6.260166645050049, 7.162367820739746, 1.7456295490264893, -3.6275041103363037, -2.2113759517669678, 2.3450701236724854, 9.327375411987305, 4.7403974533081055, 7.265517234802246, 6.311412811279297, 5.879061698913574, 2.8306286334991455, 4.236572265625, 9.01568603515625, -0.055891722440719604, 1.404876947402954, 2.4970033168792725, 5.824810981750488, 4.708037376403809, 3.2794134616851807, 6.758899688720703, -0.032722264528274536, 1.2423685789108276, 9.082387924194336, 2.048858404159546, 8.319071769714355, 6.8781328201293945, 7.807183742523193, 4.221498966217041, 4.276011943817139, 0.07028254866600037, 8.230278015136719, 2.503302812576294, 9.080754280090332, 3.81264591217041, 6.291932582855225, 7.4213361740112305, -0.2928912341594696], "neg": [-4.291436195373535, -2.7083451747894287, -6.315518379211426, -4.784909725189209, -3.7602269649505615, 0.09201174974441528, -6.989400386810303, 0.2203739583492279, -5.36686897277832, -4.458822250366211, -9.301814079284668, 5.870672225952148, -7.84649658203125, -6.7234344482421875, -4.011512756347656, -7.043412208557129, -6.735409736633301, -6.788394451141357, -1.667485237121582, -4.153658866882324, -2.008410930633545, -7.312933444976807, -5.652723789215088, -5.790044784545898, -6.995718955993652, -2.350313425064087, -0.8339126110076904, -7.419454097747803, -2.3927793502807617, -6.157452583312988, -5.163418292999268, -6.297389984130859, -4.776512622833252, -5.715523719787598, -3.710258722305298, -5.025818824768066, -7.421457290649414, -2.1550910472869873, -5.488506317138672, 0.35770121216773987, -1.6875821352005005, -1.7017769813537598, -2.797023296356201, -5.6015944480896, -5.3586039543151855, 1.5092653036117554, -6.280614852905273, -6.623736381530762, -2.8220739364624023, -5.101390361785889, -0.10634425282478333, -6.0534515380859375, -5.491072654724121, -3.167267322540283, -7.039497375488281, -3.664621114730835, -6.354636192321777, -0.7031774520874023, -4.855404853820801, -3.7465803623199463, -6.416523456573486, -4.077673435211182, -5.556859016418457, -7.435184001922607, -4.585870742797852, -4.935472011566162, -5.896718978881836, -2.173696279525757, -1.9146701097488403, -6.461509704589844, -6.62229061126709, -5.002809524536133, -7.097875595092773, -6.531057357788086, -1.4433661699295044, -5.1780500411987305, -6.973981857299805, -6.498355865478516, -5.667294025421143, -3.661205530166626, -2.92812180519104, -4.709968090057373, -5.043241500854492, -1.430617332458496, -3.1461832523345947, -7.142285346984863, -3.015407085418701, -5.0452165603637695, -5.321455955505371, -5.379845142364502, -0.5660831928253174, -5.266341209411621, -2.9043800830841064, -6.071591377258301, -7.095061302185059, -4.44875431060791, -4.597465515136719, -5.092667102813721, -5.598355770111084, -5.917459487915039, -6.157543182373047, -4.981279373168945, 0.48760101199150085, -3.565871477127075, 0.20242926478385925, -6.457340717315674, -2.3661038875579834, -3.5428292751312256, -1.0862963199615479, -4.287085056304932, -6.141012191772461, -0.1013312041759491, -4.947055816650391, -4.176174163818359, -1.2560094594955444, -7.696691513061523, -1.6763521432876587, -1.0985136032104492, -6.448359966278076, -7.979697227478027, -4.489354610443115, -3.395970106124878, -6.524777889251709, -5.965699195861816, -5.462797164916992, -6.362666130065918, -4.358632564544678, -2.392587661743164, -4.646841526031494, -6.428898811340332, -6.046110153198242, -3.466217279434204, 3.046574354171753, -0.3219342529773712, -5.475604057312012, -0.5222594738006592, -5.4605512619018555, -0.33086928725242615, -5.985327243804932, -3.2561299800872803, -3.738962411880493, -5.34727668762207, -6.732643127441406, -5.551603317260742, -5.666654586791992, -2.9065165519714355, -6.004042625427246, -4.3744401931762695, -1.095596432685852, -5.572432041168213, -0.09439095854759216, 2.8177578449249268, -5.727207183837891, -0.6711643934249878, -2.5742762088775635, -5.57621431350708, -2.741337537765503, -4.740867614746094, -3.678013563156128, -2.181710958480835, -6.552518844604492, -5.085930824279785, 2.616804838180542, -7.2433881759643555, -3.0927557945251465, -7.014422416687012, -5.87199592590332, -6.222724437713623, -2.3520443439483643, -1.0264683961868286, -5.847428798675537, -5.648664474487305, -3.6227924823760986, -4.441792964935303, -6.873832702636719, -8.40949821472168, -4.2231550216674805, -1.8578481674194336, -4.000571250915527, -1.016487956047058, -3.5587236881256104, -7.759228706359863, -2.882936716079712, 4.88615608215332, -3.850724935531616, -8.230271339416504, 0.9656217098236084, -2.4778144359588623, -6.430032730102539, -8.607649803161621, -6.594297409057617, -7.294267654418945, -6.309154033660889, -4.216655731201172, -2.8981211185455322, -5.181433200836182, -7.066262245178223, -2.0793333053588867, -3.1152775287628174, 