{"threshold_at_1pct_fpr": 7.181679530143714, "no_trigger": {"pos": [11.238367080688477, -13.799554824829102, 5.289299964904785, 8.097028732299805, 11.018199920654297, 13.891094207763672, -7.4379401206970215, 9.885162353515625, 0.5832878947257996, 10.294912338256836, 15.718226432800293, -2.2331228256225586, 24.755151748657227, 7.392063140869141, 2.257413387298584, 4.797556400299072, 4.92716121673584, 33.52297592163086, 22.37974739074707, 0.5796087980270386, 14.424985885620117, 9.962386131286621, 15.342392921447754, 7.975654602050781, 16.487958908081055, 16.842681884765625, 10.56804370880127, 18.055713653564453, 3.1300618648529053, 6.762012004852295, 11.262316703796387, 11.918051719665527, 9.644161224365234, 16.089773178100586, 20.84389877319336, 20.696189880371094, 0.2550617754459381, 0.14300121366977692, 6.830874443054199, 12.766193389892578, 6.093277931213379, 4.477835655212402, 16.623437881469727, 8.37311840057373, 21.940519332885742, 34.45301055908203, 8.426530838012695, 17.198116302490234, -4.246761322021484, 0.9212498664855957, 11.205464363098145, 16.101755142211914, 7.918871879577637, -4.514100074768066, 19.219364166259766, 12.146246910095215, 14.030842781066895, 6.8436994552612305, 7.3795928955078125, 8.396475791931152, 24.601343154907227, 15.636160850524902, 14.043741226196289, 20.0718994140625, 5.191211700439453, 25.103971481323242, 18.603591918945312, 23.868915557861328, 32.05601119995117, 18.2153263092041, 7.717926025390625, 5.59641695022583, 12.083699226379395, 16.808013916015625, 4.507644176483154, 6.553850173950195, 15.209360122680664, 12.14216136932373, 16.760498046875, 5.370678901672363, -4.879462718963623, 12.574997901916504, 0.3014117181301117, 1.0901997089385986, 8.836530685424805, 20.688262939453125, 13.756699562072754, 12.670114517211914, 4.35434627532959, 11.664799690246582, -10.469602584838867, 23.381248474121094, 7.26685094833374, 8.213411331176758, 4.050220012664795, 14.00528335571289, 18.662412643432617, 15.162282943725586, 17.7718505859375, 11.757681846618652, 16.489704132080078, 18.697246551513672, 10.061325073242188, -0.34091612696647644, 6.409183502197266, 28.222389221191406, 16.39449119567871, 8.918414115905762, 14.567058563232422, 21.84345054626465, 31.554664611816406, 6.775972843170166, 6.428399085998535, 17.122507095336914, -4.937831878662109, 13.636639595031738, 8.436878204345703, 6.35733699798584, -2.775897741317749, 14.080223083496094, 15.99457836151123, 16.193477630615234, 13.033099174499512, 16.800756454467773, 5.719732284545898, 22.850297927856445, -2.8874096870422363, 8.824148178100586, 6.973575115203857, 5.25949764251709, 6.1580023765563965, 17.962093353271484, 6.3119587898254395, 15.167640686035156, 8.435173988342285, 14.529927253723145, 16.131744384765625, -20.819538116455078, 4.100478649139404, 18.108745574951172, 13.393031120300293, -6.674248218536377, 15.177778244018555, 18.743499755859375, 24.274690628051758, 11.78626537322998, 19.80524253845215, 32.068023681640625, 13.310725212097168, 3.824434757232666, 10.013925552368164, 3.116110324859619, 13.37766170501709, 17.625267028808594, 19.611665725708008, 11.81967830657959, 31.62078094482422, 6.537635326385498, 2.7231712341308594, 7.0438618659973145, 5.21662712097168, 8.416271209716797, 11.450150489807129, 6.459173679351807, 3.904008388519287, -1.3212319612503052, 6.751500129699707, 9.825867652893066, 36.2708740234375, 12.352190971374512, 9.90383243560791, 14.187575340270996, 8.049703598022461, 6.779793739318848, 10.756821632385254, 12.470681190490723, 3.505472421646118, 10.597070693969727, 10.24710464477539, 17.5511417388916, 8.359708786010742, 5.8953070640563965, 11.008952140808105, -6.344262599945068, 8.016092300415039, 17.907175064086914, 12.440773963928223, 12.095467567443848, 19.3659610748291, 11.620756149291992, 0.6515957713127136, 6.962157249450684, -1.8080682754516602, 29.50104331970215, -1.2720201015472412, 10.161524772644043, 2.1858999729156494, 14.973662376403809, 14.837000846862793, 7.720280170440674], "neg": [-12.793842315673828, -3.986043691635132, -17.59148597717285, -21.00944709777832, -8.203612327575684, -2.5247795581817627, -15.169703483581543, -5.980232238769531, -8.961464881896973, -11.636737823486328, -29.62383460998535, 4.022095680236816, -26.62211799621582, -28.72446060180664, -16.003353118896484, -8.159709930419922, -34.78714370727539, -12.925004959106445, -12.945411682128906, 1.777055263519287, -3.4650888442993164, -27.247140884399414, -11.044870376586914, -11.901201248168945, -21.21818733215332, -10.022455215454102, -1.83921480178833, -23.16786003112793, 2.9288413524627686, -6.524079322814941, -10.413980484008789, -5.099143028259277, -14.036566734313965, -13.458855628967285, -8.510658264160156, -2.8202977180480957, -11.609067916870117, -18.06192970275879, -32.727149963378906, 7.030729293823242, -10.033926963806152, -5.749475955963135, -15.90893268585205, -12.619880676269531, -11.436443328857422, -10.364781379699707, -14.312618255615234, -31.904375076293945, -9.98127269744873, -7.983910083770752, -10.173755645751953, -26.20539665222168, -8.774937629699707, -15.589547157287598, -34.52445602416992, 0.14914526045322418, -35.639259338378906, -8.341170310974121, -20.06865692138672, -13.574493408203125, -18.998516082763672, -16.553104400634766, -25.817237854003906, -19.62162971496582, -11.717206954956055, -14.468133926391602, -10.89039134979248, -6.739226818084717, -7.90066385269165, -13.820540428161621, -22.98308753967285, -5.474280834197998, -17.411090850830078, -21.875770568847656, 5.245123386383057, -7.410778522491455, -8.625266075134277, -9.592302322387695, -5.381706714630127, -12.239649772644043, -13.054754257202148, -12.360542297363281, -11.550976753234863, -2.937126398086548, -32.208351135253906, -20.897306442260742, -9.986006736755371, -14.99769115447998, -16.236589431762695, -21.479955673217773, -14.28764533996582, -6.706231117248535, -12.31669807434082, -8.754502296447754, -15.309929847717285, -9.353872299194336, -10.29223918914795, -16.943851470947266, -12.443933486938477, -14.311373710632324, -21.880834579467773, -14.566508293151855, -7.743139266967773, -13.23733139038086, -6.100366115570068, -16.709402084350586, -18.997100830078125, -4.644415378570557, -0.6257986426353455, -11.799017906188965, -15.145724296569824, 7.155709743499756, -14.8589448928833, -8.86464786529541, -5.731574535369873, -26.704322814941406, -9.775564193725586, -3.111632823944092, -9.891380310058594, -14.721773147583008, -9.373175621032715, -6.855208396911621, -17.853071212768555, -10.513847351074219, -16.81767463684082, -12.833863258361816, -12.146236419677734, -13.70595932006836, -5.210563659667969, -13.822884559631348, -9.34202766418457, -3.483051061630249, 3.299180507659912, 9.75268840789795, -16.584842681884766, 1.0468106269836426, -8.702797889709473, 1.6437735557556152, -19.751253128051758, -6.8668622970581055, -9.599206924438477, -11.407888412475586, -28.017635345458984, -26.3220157623291, -8.095836639404297, -20.370229721069336, -22.316720962524414, -9.622008323669434, -1.4110027551651, -11.561830520629883, 6.424774646759033, -1.3172434568405151, -12.783053398132324, 3.969546318054199, -7.063011646270752, -9.986451148986816, -4.636509418487549, -32.727779388427734, -9.621591567993164, -13.46833610534668, -10.868454933166504, -10.844579696655273, 0.8361180424690247, -17.13004493713379, -6.856472969055176, -20.653343200683594, -6.9408793449401855, -17.214887619018555, -3.45810604095459, -7.843245029449463, -19.29888153076172, -11.703073501586914, -6.7027106285095215, -10.500452041625977, -23.866840362548828, -20.42522621154785, -14.92747974395752, -0.4089469611644745, -6.176173686981201, -2.2819361686706543, -8.480023384094238, -6.563227653503418, -12.104578971862793, 18.64203643798828, -20.13538932800293, -21.003406524658203, 1.573386788368225, 0.22989486157894135, -19.25175666809082, -30.80219268798828, -18.606285095214844, -19.88187026977539, -22.655344009399414, -7.85959005355835, -17.7867374420166, -19.346826553344727, -21.50373077392578, 