{"threshold_at_1pct_fpr": 1.9719533836841374, "no_trigger": {"pos": [4.3696675300598145, -2.566941976547241, 4.2078986167907715, 7.923901081085205, 2.9066274166107178, 7.4821553230285645, -0.21337033808231354, 5.219824314117432, 6.455672740936279, 2.948430299758911, 4.197839736938477, 3.9843411445617676, 3.7139198780059814, 4.435606479644775, 4.092421054840088, 4.151798725128174, 4.327526569366455, 9.379288673400879, 10.321999549865723, 0.9752998352050781, 7.796594142913818, 3.057147979736328, 10.463960647583008, 4.257994651794434, 4.147577285766602, 5.961333751678467, 4.199367523193359, 13.189250946044922, 3.0318188667297363, 1.8889342546463013, 1.1311899423599243, 7.14552116394043, 0.8282825350761414, 4.3534255027771, 5.17755126953125, 4.557199478149414, -0.518746018409729, 2.4571073055267334, 2.7579264640808105, 9.908493041992188, 4.3300700187683105, 4.112637996673584, 10.084185600280762, 4.243804454803467, 10.394431114196777, 7.371883392333984, 2.278122663497925, 7.236884117126465, -0.6666176319122314, 0.8384836912155151, 6.617234706878662, 11.29101848602295, 4.797272205352783, -0.38630762696266174, 0.8116294145584106, 4.118052959442139, 7.983163833618164, 6.391787528991699, 4.441224575042725, 3.7968337535858154, 5.294586181640625, 8.0262451171875, 10.301584243774414, 8.241538047790527, 1.6686691045761108, 4.118340015411377, 5.651957988739014, 8.702436447143555, 6.982766628265381, 11.156512260437012, 9.441168785095215, 3.6366212368011475, 6.83151388168335, 12.16064739227295, 2.5830671787261963, 2.77388596534729, 3.898329019546509, 5.462935924530029, 8.689486503601074, 6.9718241691589355, -1.2867799997329712, 3.442034959793091, -1.0269562005996704, 2.558971881866455, 10.313807487487793, 7.2006096839904785, 4.954939842224121, 7.981423854827881, 2.605598211288452, 3.51208758354187, -0.816917359828949, 8.092658042907715, 5.017759799957275, 0.6096056699752808, 6.9533915519714355, 4.354574203491211, 3.1420538425445557, 9.408845901489258, 12.592604637145996, 2.438843011856079, 11.906935691833496, 11.273025512695312, 5.584025859832764, 3.7934749126434326, 3.950716018676758, 7.105779647827148, 5.280519008636475, 5.200504779815674, 4.740914821624756, 3.80309796333313, 13.135458946228027, 7.421392917633057, 5.509085178375244, 5.807743549346924, 1.6117788553237915, 9.099143028259277, 6.359652042388916, 1.6581921577453613, 4.1572699546813965, 10.374496459960938, 4.244778633117676, 10.83823299407959, 7.322198867797852, 8.386439323425293, 5.415241718292236, 5.561712741851807, 4.120575428009033, 5.958885192871094, 1.5804333686828613, 6.191536903381348, 9.426718711853027, 3.9743635654449463, 3.355300188064575, 6.951557636260986, 3.197600841522217, 4.6844940185546875, 7.999546051025391, -3.77962064743042, 3.3217995166778564, 10.082749366760254, 5.325266361236572, -1.0283339023590088, 8.21437931060791, 6.649043560028076, 10.571362495422363, 5.4070916175842285, 6.593914031982422, 5.68812370300293, 5.059715747833252, -0.6601893901824951, 1.5327948331832886, 1.447886347770691, 6.030918598175049, 11.578669548034668, 10.55392837524414, 4.724226951599121, 14.665928840637207, 1.81675386428833, 2.9920549392700195, 7.225884914398193, 8.601325035095215, 4.521906852722168, 6.295459747314453, 5.663187026977539, 2.0620410442352295, -4.280038833618164, -1.0958846807479858, 2.006877899169922, 9.577986717224121, 5.7132649421691895, 7.913666248321533, 6.114284038543701, 6.104621410369873, 1.561596393585205, 4.766324996948242, 8.692716598510742, 0.6769213080406189, 2.7443268299102783, 1.7109858989715576, 6.352989673614502, 3.9459331035614014, 4.043898582458496, 6.716477870941162, 0.7866522073745728, 1.6104583740234375, 9.52990436553955, 2.209015130996704, 8.425871849060059, 5.791890621185303, 8.023688316345215, 3.050672769546509, 3.3030402660369873, 0.17593981325626373, 6.445414066314697, 2.3239471912384033, 10.317740440368652, 3.0892293453216553, 7.022146224975586, 6.53859281539917, -0.1317593902349472], "neg": [-3.5753846168518066, -3.9820854663848877, -6.648346424102783, -6.5619635581970215, -1.6787333488464355, -0.6837154030799866, -8.19058895111084, -0.3052172362804413, -6.490156173706055, -3.0699594020843506, -10.984762191772461, 4.236242294311523, -10.917244911193848, -5.70665168762207, -4.778953552246094, -9.364134788513184, -9.829352378845215, -8.839764595031738, -2.231405019760132, -5.512040615081787, -2.5370304584503174, -9.04336166381836, -6.164851665496826, -6.992360591888428, -6.460133075714111, -3.2987916469573975, -0.5382437705993652, -10.131662368774414, -2.8553338050842285, -6.232819080352783, -5.55224084854126, -6.387441635131836, -5.335001468658447, -5.2825541496276855, -4.273787498474121, -4.234029769897461, -9.449997901916504, -3.604728937149048, -6.476855278015137, -0.3748733401298523, -2.7217824459075928, -1.969518780708313, -2.809246778488159, -8.818211555480957, -6.384178638458252, 0.7697464823722839, -5.225335597991943, -8.490591049194336, -3.1789262294769287, -4.719481945037842, -2.510948419570923, -7.267000198364258, -6.32169771194458, -2.163950204849243, -8.043608665466309, -2.203939199447632, -7.3651204109191895, -2.473228693008423, -4.046091556549072, -3.841240167617798, -6.7654242515563965, -4.394930362701416, -6.272523880004883, -11.832465171813965, -4.321104526519775, -4.352575778961182, -5.6548285484313965, -1.5479847192764282, -2.0401813983917236, -7.157340049743652, -7.38856840133667, -5.587403774261475, -9.731558799743652, -8.650921821594238, -1.0159343481063843, -4.543284893035889, -7.843919277191162, -7.696218967437744, -8.358990669250488, -3.1960256099700928, -3.0211870670318604, -3.3812997341156006, -3.6651201248168945, -0.7121832370758057, -2.5096018314361572, -7.873136043548584, -2.2195241451263428, -4.8808393478393555, -5.903176307678223, -4.765462875366211, -2.199852705001831, -6.022609233856201, -3.0943639278411865, -4.5354814529418945, -7.830851078033447, -2.76257061958313, -3.496192455291748, -5.2157883644104, -6.164244651794434, -7.474113941192627, -7.333391189575195, -6.300386905670166, -0.15903149545192719, -4.945633888244629, 1.5570200681686401, -8.262116432189941, -4.632648468017578, -2.2623119354248047, -0.9909860491752625, -3.0806658267974854, -7.191412925720215, -0.050931673496961594, -5.64619255065918, -2.7815873622894287, -3.6835272312164307, -9.422088623046875, -2.7448720932006836, -1.3451420068740845, -7.217805862426758, -9.013823509216309, -5.445528507232666, -3.8387370109558105, -8.406218528747559, -5.056186199188232, -8.982927322387695, -7.902889728546143, -5.083795547485352, -2.1306657791137695, -3.99208664894104, -8.671030044555664, -8.519258499145508, -4.3950419425964355, 1.6347368955612183, -1.9147653579711914, -6.982354164123535, 0.12050212919712067, -7.836483478546143, -1.672143816947937, -5.303930759429932, -2.5306289196014404, -2.813688039779663, -6.249083042144775, -8.618670463562012, -6.044233322143555, -7.36099100112915, -4.166139602661133, -8.258654594421387, -3.7254934310913086, -3.085907459259033, -5.781559467315674, -1.7241467237472534, 1.5175580978393555, -6.530430316925049, -2.1710457801818848, -3.321317434310913, -5.083871841430664, -3.438081979751587, -5.975666522979736, -3.410750389099121, -4.35539436340332, -7.087692737579346, -5.241304874420166, 1.9490817785263062, -10.322815895080566, -2.3116159439086914, -7.924462795257568, -6.561039447784424, -7.900179386138916, -2.5007526874542236, -0.9771280884742737, -6.261455059051514, -6.806217670440674, -2.0469892024993896, -3.0954158306121826, -7.789803981781006, -10.292086601257324, -4.434602737426758, -0.11243794858455658, -4.588222980499268, -2.1724750995635986, -4.649964332580566, -10.65412712097168, -2.19158935546875, 6.6588454246521, -4.6939473152160645, -10.966694831848145, 1.0182597637176514, -2.7498457431793213, -8.687438011169434, -10.880816459655762, -8.70008373260498, -9.33873462677002, -6.440927505493164, -5.2472243309021, -2.179607391357422, -5.704939365386963, -7.7251458168029785, -0.8760422468185425, -4.723735809326172, 