{"threshold_at_1pct_fpr": 5.1738851642608505, "no_trigger": {"pos": [9.09941291809082, -14.350788116455078, 1.9172823429107666, 8.504338264465332, 7.752778053283691, 8.259037971496582, -4.057458400726318, 7.593943119049072, 3.3357021808624268, 6.471853733062744, 6.937631607055664, 5.0956711769104, 13.654023170471191, 12.337566375732422, 5.548102855682373, 6.890417098999023, 4.163924217224121, 18.422653198242188, 16.253847122192383, -0.16113907098770142, 5.326350212097168, 7.611020088195801, 17.16480255126953, 11.56535816192627, 11.331968307495117, 8.072108268737793, 3.1251049041748047, 23.120214462280273, 0.885547399520874, 6.061665058135986, 5.868953704833984, 13.3713960647583, 2.4946000576019287, 15.881789207458496, 9.847938537597656, 23.514402389526367, 1.4472332000732422, 2.771134614944458, 4.024237632751465, 14.445711135864258, 5.599678039550781, 7.167625427246094, 16.573625564575195, 5.521596908569336, 21.973228454589844, 11.15265941619873, 12.203347206115723, 5.848503112792969, -2.613572597503662, 3.2420363426208496, 10.09688663482666, 18.33627700805664, 7.539083480834961, -6.382318496704102, 15.093549728393555, 6.711925506591797, 19.96957015991211, 3.2338902950286865, 6.125345230102539, 5.273902893066406, 22.44281768798828, 15.040899276733398, 18.542064666748047, 12.968608856201172, 6.478725433349609, 17.379138946533203, 12.44210147857666, 18.443586349487305, 15.24804401397705, 11.006963729858398, 8.458303451538086, -3.0759894847869873, 8.65584659576416, 7.899145603179932, 3.930917501449585, 2.4378883838653564, 6.745479583740234, 10.539597511291504, 9.094482421875, 6.197507381439209, -0.44189387559890747, 9.667633056640625, -1.8135422468185425, 1.5709744691848755, 6.006759166717529, 17.323740005493164, 9.45714282989502, 15.411086082458496, 6.80754280090332, 3.946608304977417, -1.4374533891677856, 15.560792922973633, 0.3031241297721863, 4.200460910797119, 19.019739151000977, 9.034126281738281, 8.228253364562988, 13.774025917053223, 14.897801399230957, -0.14679192006587982, 15.566868782043457, 9.849600791931152, 3.0867438316345215, -0.04711676388978958, 6.76704216003418, 15.224026679992676, 11.92665958404541, 6.182925224304199, 15.160561561584473, 9.712980270385742, 25.553035736083984, 9.060691833496094, 8.9183931350708, 8.987128257751465, 4.277203559875488, 10.800542831420898, 17.59650993347168, -1.7841225862503052, -3.331207513809204, 9.933281898498535, 4.077672004699707, 19.78596305847168, 11.384066581726074, 9.61662769317627, 2.101367235183716, 15.823090553283691, -7.633701324462891, 5.064541339874268, 2.405860424041748, 2.2575995922088623, 5.219518661499023, 20.467662811279297, -0.509020984172821, 13.535172462463379, 2.5374181270599365, 8.20707893371582, 7.627800464630127, -9.924842834472656, 10.443103790283203, 8.906548500061035, 6.947721481323242, -7.970903396606445, 6.754641532897949, 9.109027862548828, 15.980880737304688, 11.564586639404297, 14.113174438476562, 30.232912063598633, 11.92917251586914, 13.74750804901123, 7.45145845413208, -0.343868613243103, 7.004671096801758, 13.16431999206543, 15.360100746154785, 8.339983940124512, 26.12166976928711, 5.720393657684326, 3.1987898349761963, 9.674623489379883, 5.27011251449585, 4.341386795043945, 13.747669219970703, 7.873894214630127, -0.398238867521286, 4.491824626922607, -3.591829776763916, 4.0632476806640625, 28.406005859375, 0.47072380781173706, 7.784408092498779, 11.329320907592773, 6.791585445404053, 2.717758893966675, 7.73905611038208, 11.757429122924805, -2.7571425437927246, 5.104752540588379, 12.913737297058105, 11.989152908325195, 5.33626127243042, -1.4246464967727661, 3.6986398696899414, 1.107515811920166, 0.27421367168426514, 18.06199836730957, 9.934613227844238, 12.471881866455078, 8.800506591796875, 4.331682205200195, 4.544797420501709, 6.414903163909912, 2.120919942855835, 7.1274003982543945, 9.892422676086426, 16.65342140197754, 0.182723268866539, 15.147222518920898, 6.104305267333984, 0.22989876568317413], "neg": [-7.401822566986084, -2.57776141166687, -8.265117645263672, -17.017988204956055, -6.605555534362793, -7.5888824462890625, -10.732684135437012, -6.556671142578125, -12.448921203613281, -11.924537658691406, -15.389825820922852, 6.653897285461426, -12.303921699523926, -18.65013885498047, -9.640606880187988, -0.517044186592102, -19.106590270996094, -14.326159477233887, -9.826550483703613, -5.528848648071289, -3.8108012676239014, -18.14286231994629, 4.320674896240234, -9.18782901763916, -13.351099014282227, -3.843236207962036, -7.384530544281006, -15.216475486755371, 3.633911371231079, -3.527134656906128, -11.45598316192627, -13.48695182800293, -13.15299129486084, -13.162199974060059, -4.748875141143799, -5.111850738525391, -11.141674995422363, -9.099128723144531, -18.087459564208984, 1.1787577867507935, -7.02326774597168, -7.213493347167969, -10.055328369140625, -9.969740867614746, -7.851398468017578, -10.722820281982422, -12.290390968322754, -26.56216812133789, -6.97784423828125, -11.697342872619629, -11.800395011901855, -16.526348114013672, -10.927634239196777, -7.651528358459473, -14.86990737915039, 0.08154492825269699, -25.4021053314209, -7.127159118652344, -14.53175163269043, -5.301170349121094, -19.932392120361328, -16.083749771118164, -15.89260196685791, -18.544605255126953, -9.873213768005371, -15.3194580078125, -6.977822780609131, -13.293129920959473, -5.264342308044434, -12.115507125854492, -3.2701385021209717, -8.147082328796387, -10.604605674743652, -14.602459907531738, 2.514267921447754, -10.11843204498291, -14.489253044128418, -2.458172082901001, -11.118977546691895, -9.380667686462402, -8.236517906188965, -10.198355674743652, -6.144996166229248, -2.7479286193847656, -12.421374320983887, -18.506242752075195, -3.374238967895508, -8.406364440917969, -20.77314567565918, -11.170022010803223, -11.49084186553955, -4.375609874725342, -7.949913024902344, -3.4547481536865234, -5.749941349029541, -7.878944396972656, -7.576662063598633, -17.68842887878418, -16.707334518432617, -18.127267837524414, -15.931358337402344, -10.810035705566406, -2.18898344039917, -12.283258438110352, -7.0135297775268555, -9.151097297668457, -9.601404190063477, -7.245797634124756, -5.159491539001465, -8.30601692199707, -8.904794692993164, 4.23036003112793, -17.15279197692871, -4.222141265869141, -0.561016857624054, -15.767693519592285, -6.642483711242676, -0.31141555309295654, -7.651031970977783, -16.479631423950195, -11.22481918334961, -2.0583884716033936, -10.458531379699707, -6.232864856719971, -13.492783546447754, -8.475249290466309, -14.133919715881348, -8.627360343933105, -4.363600730895996, -14.160354614257812, -5.521571159362793, -2.331698417663574, 0.13969145715236664, 0.7381653785705566, -7.6971282958984375, 1.812303900718689, -11.324499130249023, -4.2009968757629395, -18.992231369018555, -4.624941349029541, -14.004351615905762, -18.26050567626953, -11.955317497253418, -28.378372192382812, -12.164873123168945, -7.408631324768066, -14.807256698608398, -9.15479850769043, -5.104640960693359, -9.328364372253418, -3.398329019546509, -1.2961676120758057, -7.482890605926514, -4.28141975402832, -10.617715835571289, -9.693052291870117, 5.158935546875, -14.290294647216797, -3.678321599960327, -18.607650756835938, -6.344152450561523, -10.328681945800781, 4.191703796386719, -13.893976211547852, 2.1676080226898193, -23.382848739624023, -8.437045097351074, -13.401894569396973, -2.222994089126587, 2.0695078372955322, -9.711747169494629, -15.761880874633789, -3.0996615886688232, -6.222444534301758, -8.237857818603516, -14.526193618774414, -10.08047866821289, -1.6022647619247437, -5.086727619171143, -4.886831283569336, -10.694624900817871, -8.110970497131348, -3.202393054962158, 16.24386215209961, -10.561802864074707, -16.59493637084961, 3.829469680786133, 2.962123155593872, -18.790000915527344, -23.330398559570312, -13.993494987487793, -9.762819290161133, -14.851361274719238, -2.242676019668579, -4.526564121246338, -18.922100067138672, -14.351288795471191, -2.701033353805542, 