{"threshold_at_1pct_fpr": 2.0318037152290187, "no_trigger": {"pos": [3.7715423107147217, -2.937424898147583, 4.410162925720215, 6.508340835571289, 0.1473696529865265, 5.044781684875488, -2.230351448059082, 4.848333835601807, 5.914873123168945, -0.38182637095451355, 2.7174761295318604, 3.686228036880493, 4.136756896972656, 2.3223800659179688, 3.030505895614624, 4.016610145568848, 5.519314765930176, 6.783282279968262, 7.708737373352051, 0.8529001474380493, 6.641304016113281, 1.6409330368041992, 8.691997528076172, 3.9335644245147705, 2.7354848384857178, 5.749016284942627, 3.4086010456085205, 10.096324920654297, 1.5492881536483765, 1.8068262338638306, 0.4131796061992645, 5.034876823425293, 0.03989023715257645, 3.49426531791687, 4.294494152069092, 3.312622308731079, -1.2677282094955444, 3.6786506175994873, 2.693655252456665, 8.02348518371582, 3.1396853923797607, 5.002192497253418, 8.078852653503418, 5.157220840454102, 8.892149925231934, 5.610091209411621, -0.4875223934650421, 7.594555854797363, -0.9188683032989502, -0.8344700932502747, 6.187315940856934, 8.279214859008789, 3.895667791366577, -1.4921871423721313, 1.179378628730774, 1.6112529039382935, 6.817779541015625, 6.741527557373047, 1.7429271936416626, 3.4581823348999023, 3.011552095413208, 5.9756269454956055, 8.094291687011719, 7.503607749938965, -0.23685607314109802, 2.678647994995117, 3.47792911529541, 6.672291278839111, 6.040518760681152, 8.213359832763672, 8.132298469543457, 2.8197548389434814, 6.408413410186768, 9.566219329833984, 2.3810431957244873, 1.2244329452514648, 2.755368232727051, 5.3524274826049805, 6.5763936042785645, 4.3913187980651855, -1.1464077234268188, 1.5448083877563477, -3.5241482257843018, 0.5280252695083618, 8.476219177246094, 6.247304916381836, 3.08618426322937, 4.470344066619873, 2.618445634841919, 1.3421440124511719, -0.8358190059661865, 6.14250373840332, 4.136938571929932, -1.5375194549560547, 5.362696647644043, 2.387469530105591, 1.2438056468963623, 7.0177788734436035, 8.60501480102539, 1.2119665145874023, 9.151418685913086, 8.899673461914062, 4.992836952209473, 2.4115779399871826, 3.040198802947998, 6.6141862869262695, 5.667989730834961, 2.519364595413208, 3.536210775375366, 1.3068568706512451, 10.268787384033203, 4.806230068206787, 4.895758628845215, 3.2338221073150635, 2.5635621547698975, 6.92635440826416, 5.8414154052734375, 0.2906462848186493, 2.843210458755493, 8.783113479614258, 3.7796499729156494, 8.406274795532227, 5.575075149536133, 4.992972373962402, 5.34518575668335, 5.957311630249023, 3.6158437728881836, 4.30287504196167, 0.2584397494792938, 5.513919830322266, 7.6463727951049805, 2.938706636428833, 2.598942518234253, 6.101922035217285, 2.993685483932495, 3.216928243637085, 5.917428016662598, -4.479385852813721, 2.2970950603485107, 7.691339492797852, 3.1612040996551514, -1.7499066591262817, 6.860464096069336, 5.392958641052246, 7.805413246154785, 4.992201328277588, 7.285616874694824, 3.6127822399139404, 5.269672393798828, -1.3024810552597046, 1.4546873569488525, 1.4976224899291992, 4.886561393737793, 9.366056442260742, 8.496767044067383, 2.467024326324463, 9.921150207519531, 2.305360794067383, 1.4733675718307495, 7.37221097946167, 7.10147762298584, 4.307301044464111, 4.793829917907715, 5.816481590270996, 0.7602531313896179, -4.648530006408691, -2.8392341136932373, 1.330639123916626, 7.499486446380615, 3.6761739253997803, 5.988184452056885, 4.844534397125244, 4.334216117858887, 2.035165786743164, 3.649925708770752, 7.4523138999938965, -1.0625956058502197, 0.1865728199481964, 1.2580535411834717, 4.398015975952148, 3.4440650939941406, 2.319037675857544, 5.167051792144775, -0.8958873748779297, 0.4099102318286896, 7.50345516204834, 1.2867730855941772, 6.67233943939209, 5.647471904754639, 6.110783576965332, 2.9810376167297363, 3.031263589859009, -0.9989140033721924, 6.127978324890137, 1.0982167720794678, 7.381075382232666, 2.7889840602874756, 4.667695999145508, 6.103752613067627, -1.102664828300476], "neg": [-4.931656837463379, -2.948124885559082, -6.59238338470459, -5.018960952758789, -4.3873443603515625, -0.8865389823913574, -7.139096260070801, -0.6905646324157715, -5.212037563323975, -5.07247257232666, -9.414318084716797, 4.582371711730957, -8.475948333740234, -6.5832319259643555, -4.475920677185059, -7.491481781005859, -7.159777641296387, -6.740008354187012, -2.694929838180542, -4.275601387023926, -2.664900779724121, -7.423765182495117, -5.882166862487793, -5.945104598999023, -6.949432849884033, -2.789180278778076, -1.7060041427612305, -7.3599348068237305, -2.8713319301605225, -6.376457691192627, -5.2461748123168945, -6.263910293579102, -5.089749813079834, -5.674304485321045, -4.640203475952148, -5.432084083557129, -7.829043388366699, -2.563613176345825, -5.710493087768555, -0.6935582756996155, -2.643359661102295, -2.2269093990325928, -3.401113271713257, -5.78248405456543, -5.697986602783203, 0.3459864556789398, -6.376555442810059, -6.712953567504883, -3.1523277759552, -5.378863334655762, -0.5558305978775024, -6.1243696212768555, -5.686766624450684, -3.957646131515503, -7.05935001373291, -4.384955406188965, -6.557766914367676, -1.7170472145080566, -5.1672515869140625, -4.128198146820068, -6.639527797698975, -4.511712074279785, -5.618722915649414, -7.605538368225098, -5.032804489135742, -5.280549049377441, -6.2685394287109375, -2.894569158554077, -2.566279411315918, -6.674588680267334, -6.760956764221191, -5.462372779846191, -7.076462745666504, -6.483282089233398, -2.055950880050659, -5.387142181396484, -6.929852485656738, -6.363559722900391, -5.7762956619262695, -3.8624770641326904, -3.749716281890869, -5.173405647277832, -5.325899124145508, -2.315160036087036, -3.984750509262085, -7.099889755249023, -3.9452621936798096, -5.127046585083008, -5.386218070983887, -5.428179740905762, -1.424200177192688, -5.750467300415039, -3.3230183124542236, -6.126473903656006, -7.1879658699035645, -4.907271862030029, -4.938235282897949, -5.333869457244873, -5.6668701171875, -6.119813919067383, -6.788607597351074, -5.522368431091309, -0.3773305118083954, -4.200261116027832, -0.5787284970283508, -6.595000267028809, -3.318269968032837, -4.321048736572266, -1.9212515354156494, -4.62033224105835, -6.483478546142578, -1.0953413248062134, -5.281209945678711, -4.732054710388184, -1.9179401397705078, -7.7367753982543945, -2.5324909687042236, -1.7405558824539185, -6.899278163909912, -8.199522972106934, -4.8550310134887695, -3.6171374320983887, -6.617699146270752, -6.171940803527832, -5.971003532409668, -6.640345096588135, -4.857840538024902, -2.9202420711517334, -4.848257064819336, -6.1835479736328125, -6.3734660148620605, -3.507521390914917, 1.7067618370056152, -1.1895039081573486, -5.263867378234863, -1.2643171548843384, -5.872139930725098, -1.2479655742645264, -6.135566234588623, -3.857055425643921, -4.374894142150879, -5.619770050048828, -7.044965744018555, -5.887942790985107, -6.052789688110352, -3.6999685764312744, -6.248102188110352, -4.565615653991699, -2.0750255584716797, -5.983285427093506, -0.8638984560966492, 2.014741897583008, -6.017474174499512, -1.6668022871017456, -3.042680263519287, -5.942811965942383, -3.392533779144287, -5.098073482513428, -4.276361465454102, -2.875369071960449, -6.617076873779297, -5.431945323944092, 1.4371404647827148, -7.173335552215576, -3.490931749343872, -7.448919296264648, -6.073216438293457, -6.284653663635254, -3.107679605484009, -1.7906007766723633, -5.981588363647461, -5.610487937927246, -4.24802303314209, -4.724775314331055, -6.813908576965332, -8.337937355041504, -4.6411824226379395, -2.6653361320495605, -4.520596027374268, -1.7855541706085205, -4.012261867523193, -7.754981994628906, -3.8012568950653076, 3.720923662185669, -4.46183967590332, -8.232014656066895, 0.014645673334598541, -3.1985161304473877, -6.479709625244141, -8.918386459350586, -6.892409801483154, -7.473517417907715, -6.396677017211914, -4.799189567565918, -3.750375986099243, -5.480112552642822, -7.170190334320068, -3.1338510513305664, -3.605360269546509, 